"","season","team","Conference","offense.plays","offense.drives","offense.ppa","offense.totalPPA","offense.successRate","offense.explosiveness","offense.powerSuccess","offense.stuffRate","offense.lineYards","offense.lineYardsTotal","offense.secondLevelYards","offense.secondLevelYardsTotal","offense.openFieldYards","offense.openFieldYardsTotal","offense.pointsPerOpportunity","offense.fieldPosition.averageStart","offense.fieldPosition.averagePredictedPoints","offense.havoc.total","offense.havoc.frontSeven","offense.havoc.db","offense.standardDowns.rate","offense.standardDowns.ppa","offense.standardDowns.successRate","offense.standardDowns.explosiveness","offense.passingDowns.rate","offense.passingDowns.ppa","offense.passingDowns.successRate","offense.passingDowns.explosiveness","offense.rushingPlays.rate","offense.rushingPlays.ppa","offense.rushingPlays.totalPPA","offense.rushingPlays.successRate","offense.rushingPlays.explosiveness","offense.passingPlays.rate","offense.passingPlays.ppa","offense.passingPlays.totalPPA","offense.passingPlays.successRate","offense.passingPlays.explosiveness","defense.plays","defense.drives","defense.ppa","defense.totalPPA","defense.successRate","defense.explosiveness","defense.powerSuccess","defense.stuffRate","defense.lineYards","defense.lineYardsTotal","defense.secondLevelYards","defense.secondLevelYardsTotal","defense.openFieldYards","defense.openFieldYardsTotal","defense.pointsPerOpportunity","defense.fieldPosition.averageStart","defense.fieldPosition.averagePredictedPoints","defense.havoc.total","defense.havoc.frontSeven","defense.havoc.db","defense.standardDowns.rate","defense.standardDowns.ppa","defense.standardDowns.successRate","defense.standardDowns.explosiveness","defense.passingDowns.rate","defense.passingDowns.ppa","defense.passingDowns.totalPPA","defense.passingDowns.successRate","defense.passingDowns.explosiveness","defense.rushingPlays.rate","defense.rushingPlays.ppa","defense.rushingPlays.totalPPA","defense.rushingPlays.successRate","defense.rushingPlays.explosiveness","defense.passingPlays.rate","defense.passingPlays.ppa","defense.passingPlays.successRate","defense.passingPlays.explosiveness","CollinHavocRate","CollinHavocAllowedRate","SP","TAN","logo","color","alt_color"
"1",2021,"Air Force","Mountain West",66,97,48,51,70,42,63,39,66,2,104,18,40,4,48,124,4,20,49,10,30,70,88,65,30,11,18,28,2,38,14,71,21,129,3,100,35,1,12,20,45,36,8,127,129,70,43,10,39,11,113,72,52,114,114,1,3,1,4,40,8,116,4,44,22,17,126,113,83,65,4,129,24,23,15,91,8,6,56,63,"http://a.espncdn.com/i/teamlogos/ncaa/500/2005.png","#004a7b","#ffffff"
"2",2021,"Akron","Mid-American",83,97,105,102,85,85,114,36,47,66,47,67,101,100,54,20,115,129,129,14,105,98,80,57,105,103,79,122,75,90,88,107,50,56,106,103,66,104,32,17,128,123,130,56,102,95,130,112,130,128,126,125,130,40,34,38,10,128,129,130,130,114,129,47,71,49,8,16,130,129,130,109,114,98,125,18,126,125,126,127,"http://a.espncdn.com/i/teamlogos/ncaa/500/2006.png","#00285e","#84754e"
"3",2021,"Alabama","SEC",20,61,16,13,26,47,89,75,50,46,38,38,57,50,8,112,15,22,50,11,13,35,44,56,13,12,8,30,80,64,58,27,101,47,16,7,28,33,70,88,44,46,54,49,8,7,7,36,33,53,12,17,116,107,112,53,50,57,61,45,64,57,61,49,85,26,49,47,13,13,42,35,81,83,67,59,28,52,3,2,"http://a.espncdn.com/i/teamlogos/ncaa/500/333.png","#690014","#828A8F"
"4",2021,"Appalachian State","Sun Belt",66,75,30,33,12,79,62,99,65,50,27,34,60,57,26,41,81,67,54,78,40,11,12,35,40,96,30,123,50,61,56,34,57,81,19,29,6,88,48,42,32,30,30,78,82,8,16,14,79,37,60,37,12,95,94,43,56,34,17,57,51,62,17,11,35,19,89,114,34,31,28,68,12,30,39,56,26,44,41,24,"http://a.espncdn.com/i/teamlogos/ncaa/500/2026.png","#000000","#ffcd00"
"5",2021,"Arizona","Pac-12",59,68,127,128,84,129,20,94,93,96,87,91,121,119,126,11,122,80,97,42,82,115,59,127,82,127,126,119,110,102,102,78,118,19,124,124,93,128,27,55,81,70,47,117,73,63,79,86,96,97,115,111,100,40,43,62,62,63,41,71,27,112,41,96,44,104,82,2,90,91,52,117,129,91,27,128,66,119,108,102,"http://a.espncdn.com/i/teamlogos/ncaa/500/12.png","#CC0033","#003366"
"6",2021,"Arizona State","Pac-12",65,63,10,15,5,65,27,69,12,19,2,5,24,26,30,110,18,32,80,4,24,7,1,42,24,37,44,90,27,5,5,3,33,103,48,62,34,69,81,69,26,28,23,31,52,67,71,70,63,70,58,58,16,116,121,28,38,29,72,32,30,44,72,24,21,18,38,76,58,63,37,55,55,19,25,26,19,65,12,9,"http://a.espncdn.com/i/teamlogos/ncaa/500/9.png","#942139","#FFC627"
"7",2021,"Arkansas","SEC",26,13,25,22,39,70,42,88,26,8,14,2,41,23,104,29,101,60,78,36,36,24,35,44,36,39,55,107,7,18,10,20,44,123,37,54,96,35,95,93,38,44,53,37,14,23,47,103,32,84,75,99,72,50,61,75,58,90,71,78,89,65,71,6,30,3,51,11,59,71,76,61,120,35,22,64,70,82,28,18,"http://a.espncdn.com/i/teamlogos/ncaa/500/8.png","#9c1831","#000000"
"8",2021,"Arkansas State","Sun Belt",47,13,90,77,105,44,20,22,52,118,76,117,59,93,105,18,113,117,103,127,92,80,93,47,92,88,109,61,129,86,96,70,126,3,80,42,107,55,43,88,130,130,104,129,79,92,112,87,110,90,130,130,117,61,54,105,116,40,110,128,89,130,110,129,119,121,123,56,129,128,99,130,77,123,112,113,113,114,125,119,"http://a.espncdn.com/i/teamlogos/ncaa/500/2032.png","#e81018","#000000"
"9",2021,"Army","FBS Independents",88,114,34,46,33,106,20,10,51,4,113,26,54,17,9,129,2,6,36,1,2,33,39,102,2,35,68,16,1,26,9,39,54,130,2,109,12,2,3,4,65,42,41,114,44,36,15,3,52,4,46,12,79,120,116,60,115,4,29,83,41,128,29,41,45,53,25,129,57,36,22,122,3,64,59,74,23,30,76,71,"http://a.espncdn.com/i/teamlogos/ncaa/500/349.png","#ce9c00","#231f20"
"10",2021,"Auburn","SEC",15,51,37,29,41,45,48,33,15,33,17,23,6,7,50,48,76,7,8,47,45,31,45,28,45,59,46,92,91,9,15,25,17,38,88,65,60,90,104,99,18,22,61,5,20,14,9,53,21,49,31,49,92,102,103,48,23,114,60,22,39,21,60,31,53,103,1,73,29,30,25,63,62,44,101,8,34,5,29,14,"http://a.espncdn.com/i/teamlogos/ncaa/500/2.png","#03244d","#E87722"
"11",2021,"Ball State","Mid-American",48,21,120,117,113,104,91,62,103,81,112,97,111,105,65,109,19,66,52,75,104,116,117,109,104,108,102,97,95,104,103,125,22,39,116,113,94,124,114,83,80,100,109,18,88,120,101,126,48,99,44,83,65,95,89,113,105,87,115,92,120,24,115,68,81,41,86,15,95,111,101,47,117,76,119,19,101,59,104,88,"http://a.espncdn.com/i/teamlogos/ncaa/500/2050.png","#DA0000","#ffffff"
"12",2021,"Baylor","Big 12",57,45,5,6,14,20,31,25,5,14,6,7,16,10,21,83,50,38,71,8,26,2,8,7,26,71,69,88,30,2,2,17,6,99,35,45,25,59,103,88,49,59,40,55,113,111,86,111,55,89,50,76,80,121,127,39,36,73,66,58,42,51,66,52,59,34,63,36,61,72,41,56,105,55,45,77,33,62,23,45,"http://a.espncdn.com/i/teamlogos/ncaa/500/239.png","#004834","#ffb81c"
"13",2021,"Boise State","Mountain West",20,25,80,63,72,90,75,121,128,106,128,110,130,127,69,107,26,73,100,26,54,92,73,94,54,42,50,75,90,119,121,90,117,40,42,22,39,85,107,103,56,67,56,47,60,32,70,101,77,102,88,104,17,90,88,71,85,43,73,51,45,31,73,67,70,74,73,43,69,77,54,44,87,59,43,87,62,92,60,47,"http://a.espncdn.com/i/teamlogos/ncaa/500/68.png","#09347A","#d8d9da"
"14",2021,"Boston College","ACC",98,117,27,44,31,61,26,89,111,76,121,100,34,40,41,38,88,27,31,43,11,27,28,76,11,34,52,1,32,57,55,30,93,94,14,40,36,19,25,25,15,14,27,48,27,74,46,30,18,18,47,34,14,111,108,110,117,49,98,10,13,10,98,57,15,80,109,62,20,20,29,36,66,16,35,58,84,46,34,42,"http://a.espncdn.com/i/teamlogos/ncaa/500/103.png","#88001a","#a39161"
"15",2021,"Bowling Green","Mid-American",102,95,130,130,115,97,106,122,130,128,130,128,122,125,109,58,69,119,120,115,124,125,105,112,124,120,118,71,122,129,129,122,127,9,111,105,98,103,85,55,35,41,69,12,123,99,104,123,68,104,20,39,38,5,6,40,31,86,89,61,102,14,89,17,4,6,80,7,91,104,112,25,125,4,7,52,76,118,117,122,"http://a.espncdn.com/i/teamlogos/ncaa/500/189.png","#2b1000","#492000"
"16",2021,"Buffalo","Mid-American",73,107,86,80,98,58,53,28,67,55,109,88,51,51,95,8,121,18,14,61,65,87,104,61,65,58,75,73,56,54,51,89,28,78,95,92,99,86,65,30,113,112,116,82,57,113,105,110,121,119,120,120,46,16,22,102,74,115,106,85,96,63,106,126,113,128,75,19,111,112,109,96,113,119,121,107,89,6,98,108,"http://a.espncdn.com/i/teamlogos/ncaa/500/2084.png","#041A9B","#ebebeb"
"17",2021,"BYU","FBS Independents",53,75,35,32,24,64,68,117,88,59,23,32,29,34,75,58,78,71,102,20,33,13,18,52,33,98,56,65,62,32,36,41,30,69,46,41,17,91,113,55,62,77,73,43,36,51,35,73,49,73,39,55,58,111,107,57,60,55,84,48,72,35,84,89,67,63,88,78,71,79,72,78,50,49,81,21,52,102,43,47,"http://a.espncdn.com/i/teamlogos/ncaa/500/252.png","#001E4C","#ffffff"
"18",2021,"California","Pac-12",109,102,47,56,47,57,2,2,1,64,3,50,56,80,66,4,129,31,21,77,76,44,47,53,76,60,48,79,108,11,37,8,59,27,79,77,91,57,50,35,74,68,62,110,88,69,73,31,57,30,49,28,28,30,31,109,122,20,50,80,59,93,50,58,102,81,119,118,63,53,45,71,16,93,80,101,102,35,75,63,"http://a.espncdn.com/i/teamlogos/ncaa/500/25.png","#031522","#ffc423"
"19",2021,"Central Michigan","Mid-American",43,68,71,64,87,30,32,66,33,49,29,42,15,27,96,32,97,111,115,101,125,63,76,58,125,93,77,48,81,70,65,66,76,51,73,58,101,25,22,55,60,48,34,123,113,11,10,15,69,40,78,60,102,81,70,6,7,22,14,72,57,122,14,39,94,21,117,53,15,15,23,88,78,107,68,122,17,93,92,97,"http://a.espncdn.com/i/teamlogos/ncaa/500/2117.png","#6a0032","#ffffff"
"20",2021,"Charlotte","Conference USA",39,72,50,43,59,40,98,85,61,37,46,35,63,47,25,35,90,78,84,63,90,40,54,29,90,72,74,96,43,58,47,74,25,88,34,37,37,62,83,74,115,119,87,122,88,124,116,121,117,123,121,127,51,76,85,96,80,99,91,120,97,125,91,95,89,50,107,18,118,124,95,120,112,94,57,121,71,88,112,107,"http://a.espncdn.com/i/teamlogos/ncaa/500/2429.png","#0C562D","#cfab7a"
"21",2021,"Cincinnati","American Athletic",110,63,12,31,27,38,6,102,38,80,26,63,21,44,15,117,11,16,22,38,27,6,27,10,27,69,41,113,67,14,29,29,16,60,39,48,29,82,54,42,3,3,9,44,82,26,30,33,15,19,15,14,4,71,83,16,46,6,3,2,6,42,3,16,2,32,18,92,23,23,11,57,36,2,13,29,10,20,13,6,"http://a.espncdn.com/i/teamlogos/ncaa/500/2132.png","#000000","#717073"
"22",2021,"Clemson","ACC",106,81,116,119,103,113,10,27,45,85,83,100,74,82,79,35,82,58,48,65,93,126,101,128,93,68,90,20,78,51,66,77,48,50,128,128,115,122,67,47,6,6,11,19,75,48,12,29,3,14,6,11,3,78,73,83,59,106,27,5,7,6,27,35,13,35,45,79,5,5,16,5,47,12,16,36,58,45,5,24,"http://a.espncdn.com/i/teamlogos/ncaa/500/228.png","#522D80","#F56600"
"23",2021,"Coastal Carolina","Sun Belt",104,117,1,4,1,24,63,34,14,34,9,17,7,11,2,55,71,8,25,7,1,4,6,19,1,1,1,37,12,3,8,16,10,118,1,10,1,50,24,15,29,24,29,72,119,85,42,17,29,17,89,62,76,107,119,61,39,107,39,41,49,75,39,15,17,14,60,95,74,64,70,86,39,20,10,102,43,11,22,16,"http://a.espncdn.com/i/teamlogos/ncaa/500/324.png","#007073","#876447"
"24",2021,"Colorado","Pac-12",117,102,125,125,112,126,56,83,102,88,54,73,87,88,39,25,105,104,105,90,98,102,72,114,98,128,130,74,18,95,93,62,108,110,127,126,129,83,30,35,89,78,66,68,86,46,88,50,104,70,62,46,91,46,37,115,89,120,45,84,75,59,45,91,64,52,78,71,84,80,59,87,56,81,73,46,116,98,106,86,"http://a.espncdn.com/i/teamlogos/ncaa/500/38.png","#d1c57e","#ffd200"
"25",2021,"Colorado State","Mountain West",108,102,100,104,110,91,106,53,69,62,81,75,109,97,122,98,35,97,69,111,114,110,116,107,114,80,86,84,28,106,104,110,120,101,87,99,109,28,8,23,17,15,6,83,69,3,6,5,4,3,5,3,33,74,68,25,22,75,10,15,5,77,10,36,24,16,37,107,11,12,8,64,21,32,8,66,68,29,88,87,"http://a.espncdn.com/i/teamlogos/ncaa/500/36.png","#004537","#ffc425"
"26",2021,"UConn","American Athletic",29,3,128,127,129,49,116,98,98,72,43,52,73,67,99,63,68,114,108,118,126,130,129,79,126,100,111,68,102,97,94,109,55,30,126,127,128,38,130,124,117,129,122,33,116,97,85,130,61,129,40,100,121,35,28,117,111,94,127,119,124,47,127,104,126,67,94,4,85,114,118,23,127,126,111,99,103,129,129,130,"http://a.espncdn.com/i/teamlogos/ncaa/500/41.png","#001d40","#f1f2f3"
"27",2021,"Duke","ACC",4,6,39,19,37,68,39,30,27,7,60,16,37,17,87,58,74,40,60,18,50,22,32,23,50,85,47,125,34,47,28,49,58,96,23,19,16,63,104,115,94,103,59,116,60,78,67,105,78,108,52,79,99,81,98,58,66,48,33,64,48,79,33,112,121,88,125,28,68,78,67,49,109,120,49,129,43,63,78,94,"http://a.espncdn.com/i/teamlogos/ncaa/500/150.png","#001A57","#f1f2f3"
"28",2021,"East Carolina","American Athletic",22,9,79,62,107,13,101,100,110,70,97,81,5,8,110,79,55,98,92,92,109,54,102,8,109,111,91,98,94,76,70,113,8,36,84,64,90,53,119,122,93,109,65,104,42,31,59,78,99,99,114,112,86,105,105,73,93,37,78,107,65,119,78,60,105,54,62,104,97,98,86,107,27,71,47,82,21,99,92,71,"http://a.espncdn.com/i/teamlogos/ncaa/500/151.png","#4b1869","#f0907b"
"29",2021,"Eastern Michigan","Mid-American",112,107,65,81,80,46,20,40,85,107,86,106,103,108,32,71,59,116,117,119,110,112,97,86,110,17,25,39,87,80,84,87,67,48,64,67,57,52,54,27,73,69,123,8,102,127,120,115,87,91,82,97,44,71,81,107,107,68,97,110,127,30,97,13,36,61,4,22,94,97,126,26,107,41,96,12,112,97,99,97,"http://a.espncdn.com/i/teamlogos/ncaa/500/2199.png","#00331b","#f0f0f0"
"30",2021,"Florida","SEC",18,29,29,24,21,76,34,35,10,9,4,3,8,2,41,43,83,35,12,89,31,19,15,43,31,64,51,114,38,12,7,32,13,93,51,49,19,98,92,79,25,26,57,26,17,35,45,64,72,79,13,17,13,95,102,84,84,76,49,21,54,46,49,40,34,66,15,80,28,28,83,10,46,25,29,63,80,41,4,7,"http://a.espncdn.com/i/teamlogos/ncaa/500/57.png","#0021A5","#FA4616"
"31",2021,"Florida Atlantic","Conference USA",3,16,49,28,73,36,79,67,40,21,36,20,81,59,56,22,103,47,57,33,68,56,71,38,68,38,58,63,70,29,26,71,27,66,63,33,61,51,120,122,63,86,36,84,122,106,83,124,82,120,117,128,37,44,41,120,123,82,16,81,56,72,16,38,28,24,77,12,105,121,51,127,122,24,18,22,104,73,84,77,"http://a.espncdn.com/i/teamlogos/ncaa/500/2226.png","#004B85","#bb2f4c"
"32",2021,"Florida International","Conference USA",91,44,92,93,118,15,53,45,112,114,124,119,126,127,123,52,74,106,63,122,118,100,123,49,118,62,87,15,107,126,125,119,125,25,54,44,106,9,86,83,125,126,110,87,44,94,119,108,91,91,74,82,119,124,115,118,104,108,88,127,122,88,88,101,127,60,112,75,108,107,85,60,54,124,124,85,123,56,111,116,"http://a.espncdn.com/i/teamlogos/ncaa/500/2229.png","#001538","#c5960c"
"33",2021,"Florida State","ACC",43,16,53,50,75,35,98,47,21,29,18,19,4,3,27,18,107,77,85,56,58,83,81,60,58,14,34,25,52,17,19,56,14,79,90,82,88,68,122,115,68,90,51,105,105,64,81,113,67,105,34,63,82,11,7,89,98,56,55,65,44,95,55,73,107,69,98,51,48,59,39,65,82,89,62,112,81,111,55,63,"http://a.espncdn.com/i/teamlogos/ncaa/500/52.png","#782F40","#ceb888"
"34",2021,"Fresno State","Mountain West",9,8,33,16,23,37,110,118,124,105,69,65,68,65,60,112,21,65,55,72,25,37,34,36,25,33,11,57,118,100,97,61,77,12,22,4,8,67,86,127,21,23,14,66,44,19,29,69,44,73,71,84,85,67,67,12,19,26,42,30,23,50,42,22,31,8,105,44,25,27,36,19,85,29,6,115,3,70,40,50,"http://a.espncdn.com/i/teamlogos/ncaa/500/278.png","#c41230","#231f20"
"35",2021,"Georgia","SEC",36,34,45,35,19,117,70,61,34,12,40,14,119,88,44,111,16,4,6,32,3,41,33,75,3,47,15,126,11,69,46,26,119,120,20,39,22,64,44,93,1,1,2,1,20,20,18,18,11,10,4,6,2,114,117,20,40,15,2,1,2,1,2,3,1,10,9,99,6,7,6,18,30,1,1,3,12,8,1,1,"http://a.espncdn.com/i/teamlogos/ncaa/500/61.png","#CC0000","#000000"
"36",2021,"Georgia Southern","Sun Belt",70,34,95,94,117,22,30,71,84,38,51,31,3,1,124,66,72,100,95,96,103,79,113,12,103,109,120,72,10,25,23,108,1,121,125,125,123,117,88,83,106,110,86,115,50,75,91,79,107,91,93,96,58,81,71,37,42,47,74,93,84,118,74,105,124,86,100,98,87,86,75,104,35,111,100,96,50,75,120,96,"http://a.espncdn.com/i/teamlogos/ncaa/500/290.png","#003775","#f0f0f0"
"37",2021,"Georgia State","Sun Belt",35,25,84,69,67,110,50,71,75,23,59,25,45,29,38,7,125,54,61,40,52,50,52,63,52,118,103,127,15,56,40,65,39,116,83,88,59,114,99,88,109,115,71,112,74,60,54,100,30,79,41,68,113,21,23,23,25,53,92,96,63,113,92,110,125,83,108,26,55,66,47,80,100,125,97,119,105,106,96,91,"http://a.espncdn.com/i/teamlogos/ncaa/500/2247.png","#1e539a","#ebebeb"
"38",2021,"Georgia Tech","ACC",106,68,81,89,99,28,71,43,89,78,67,75,71,68,68,101,37,94,99,83,64,73,111,31,64,78,67,64,42,103,105,115,69,89,45,66,57,22,72,42,55,57,79,45,19,88,63,88,25,53,30,44,84,48,48,92,28,130,100,44,70,38,100,87,108,71,87,27,22,22,56,6,104,112,93,108,109,61,57,68,"http://a.espncdn.com/i/teamlogos/ncaa/500/59.png","#A28D5B","#003057"
"39",2021,"Hawai'i","Mountain West",78,54,99,99,104,55,12,105,86,104,37,79,69,78,106,57,64,127,121,130,112,91,90,91,112,107,105,11,111,52,69,63,66,17,113,110,117,58,77,63,72,75,97,67,56,95,61,48,97,77,83,78,55,26,29,17,72,3,96,63,83,56,96,99,72,111,76,108,80,82,87,85,22,52,102,34,45,113,90,90,"http://a.espncdn.com/i/teamlogos/ncaa/500/62.png","#003420","#ffffff"
"40",2021,"Houston","American Athletic",28,29,54,49,79,48,104,115,100,57,72,55,91,78,12,128,3,72,64,79,57,96,103,70,57,9,13,44,69,84,74,99,47,58,49,34,47,73,49,99,10,11,4,53,50,85,19,45,8,22,70,70,22,107,113,9,5,83,24,9,11,22,24,26,7,1,128,34,38,42,12,102,99,7,5,51,6,95,63,50,"http://a.espncdn.com/i/teamlogos/ncaa/500/248.png","#C90822","#231f20"
"41",2021,"Illinois","Big Ten",5,11,110,103,111,77,34,37,56,22,85,39,55,35,116,43,99,101,79,113,116,106,107,82,116,115,113,70,61,85,68,80,79,70,118,114,124,41,127,115,118,127,120,34,126,130,123,129,90,117,63,92,74,127,124,103,108,64,117,112,118,49,117,111,129,110,46,74,104,115,115,30,60,117,123,49,92,69,95,97,"http://a.espncdn.com/i/teamlogos/ncaa/500/356.png","#f77329","#E84A27"
"42",2021,"Indiana","Big Ten",74,75,122,120,97,127,34,91,105,92,125,115,117,108,76,38,109,63,24,106,69,103,84,105,69,125,117,128,85,101,99,96,99,43,121,119,95,127,42,42,41,40,74,9,60,22,40,23,71,35,64,40,103,74,72,112,112,70,20,31,71,13,20,59,61,96,6,110,44,40,79,38,20,58,66,20,87,48,59,57,"http://a.espncdn.com/i/teamlogos/ncaa/500/84.png","#7D110C","#eeedeb"
"43",2021,"Iowa","Big Ten",30,4,121,116,116,67,61,130,127,79,126,89,93,74,77,130,1,82,112,14,117,120,122,104,117,97,91,46,53,123,127,116,92,75,103,97,110,39,101,128,5,5,18,3,72,54,24,38,9,19,1,4,35,125,125,44,99,5,23,6,24,2,23,25,3,22,20,109,26,26,27,8,23,3,17,4,20,110,16,8,"http://a.espncdn.com/i/teamlogos/ncaa/500/2294.png","#000000","#ffe100"
"44",2021,"Iowa State","Big 12",122,124,23,57,55,54,4,26,17,102,41,104,35,70,35,33,93,59,68,45,56,18,57,26,56,57,80,109,68,30,61,64,49,64,30,59,51,76,4,6,19,16,24,27,119,49,22,11,10,7,11,10,26,9,13,22,8,122,68,18,28,8,68,46,14,27,99,23,24,24,40,15,106,31,19,79,53,40,11,14,"http://a.espncdn.com/i/teamlogos/ncaa/500/66.png","#660015","#F1BE48"
"45",2021,"Kansas","Big 12",102,75,119,122,119,59,114,80,97,72,115,96,61,63,116,119,31,74,94,35,88,122,121,90,88,83,106,17,40,109,107,114,73,92,101,108,116,14,40,42,129,128,129,76,117,116,127,122,126,125,95,101,128,36,36,130,127,127,130,129,128,106,130,128,120,119,58,3,126,126,123,105,128,130,130,62,129,96,121,124,"http://a.espncdn.com/i/teamlogos/ncaa/500/2305.png","#0022B4","#e8000d"
"46",2021,"Kansas State","Big 12",115,117,56,73,22,103,1,51,39,61,20,45,85,85,59,86,48,79,88,55,22,34,7,69,22,101,116,76,33,31,43,5,104,98,68,87,75,42,35,17,102,91,94,71,75,91,31,16,19,13,9,8,40,61,66,67,49,98,79,100,82,90,79,100,111,109,29,105,66,55,53,48,29,108,114,61,75,101,46,50,"http://a.espncdn.com/i/teamlogos/ncaa/500/2306.png","#633194","#e7d2ad"
"47",2021,"Kent State","Mid-American",8,16,59,37,34,114,7,32,9,2,16,1,50,25,102,86,57,15,35,9,55,48,21,98,55,89,76,105,22,15,4,21,64,111,109,104,83,106,125,93,71,92,90,61,38,72,110,116,98,111,106,113,69,28,27,88,109,24,65,67,99,36,65,76,93,78,110,97,93,99,96,92,42,57,92,33,63,68,91,91,"http://a.espncdn.com/i/teamlogos/ncaa/500/2309.png","#002445","#f0b510"
"48",2021,"Kentucky","SEC",64,54,42,41,10,96,20,9,6,15,15,11,49,39,4,23,100,57,46,67,4,46,26,74,4,31,17,89,25,20,22,12,84,107,59,70,27,72,75,72,34,38,92,6,94,53,51,57,45,45,23,26,48,52,57,51,54,45,53,68,101,20,53,9,88,77,3,81,18,18,65,3,49,73,110,25,31,65,30,20,"http://a.espncdn.com/i/teamlogos/ncaa/500/96.png","#005DAA","#ffffff"
"49",2021,"Liberty","FBS Independents",42,54,11,9,17,53,5,13,24,20,42,27,52,36,6,98,20,55,76,28,19,10,16,45,19,32,33,59,37,28,27,18,65,97,8,13,24,23,72,74,30,32,32,40,11,114,87,75,38,41,37,45,64,100,101,42,34,78,31,24,31,33,31,45,25,46,48,77,56,57,69,39,52,22,11,76,13,72,19,30,"http://a.espncdn.com/i/teamlogos/ncaa/500/2335.png","#071740","#a61f21"
"50",2021,"Louisiana","Sun Belt",120,127,43,66,32,78,118,55,35,100,34,89,99,110,54,37,76,62,73,49,8,38,43,59,8,46,27,93,65,44,67,47,60,62,50,69,21,93,10,4,105,81,68,124,30,120,117,63,85,49,97,80,29,36,38,50,67,25,18,66,49,117,18,119,68,114,92,33,102,87,60,111,98,104,72,126,99,26,74,50,"http://a.espncdn.com/i/teamlogos/ncaa/500/309.png","#ce2842","#000000"
"51",2021,"Louisiana Monroe","Sun Belt",127,122,126,126,130,32,12,126,129,126,127,124,108,116,57,63,86,130,130,108,122,128,130,83,122,105,124,13,41,128,128,130,26,90,108,117,122,47,17,12,127,113,128,46,129,126,128,73,124,86,84,59,127,56,63,74,61,84,125,124,129,37,125,121,103,118,120,59,123,108,120,93,70,118,129,23,114,126,130,126,"http://a.espncdn.com/i/teamlogos/ncaa/500/2433.png","#231F20","#b18445"
"52",2021,"Louisiana Tech","Conference USA",66,83,70,70,90,12,110,114,114,97,117,107,83,80,63,91,36,30,27,59,40,69,115,4,40,61,30,101,84,115,116,121,40,49,33,27,32,37,117,65,86,104,125,7,111,119,121,85,100,75,42,37,114,67,53,129,128,123,102,98,123,7,102,71,91,112,13,128,114,102,119,54,2,47,122,2,125,50,101,102,"http://a.espncdn.com/i/teamlogos/ncaa/500/2348.png","#002d65","#d3313a"
"53",2021,"Louisville","ACC",17,29,31,26,54,41,92,54,42,27,61,37,80,61,33,48,89,17,19,50,34,21,66,14,34,66,54,112,54,41,31,88,24,74,38,26,26,77,116,115,101,114,72,108,67,77,111,93,120,106,87,90,115,79,78,65,86,33,67,105,88,115,67,81,79,44,106,117,124,122,104,123,11,46,48,67,60,16,60,54,"http://a.espncdn.com/i/teamlogos/ncaa/500/97.png","#ad000a","#cccccc"
"54",2021,"LSU","SEC",53,34,64,61,76,39,84,107,121,115,105,111,120,117,17,75,49,89,50,109,107,74,82,33,107,54,19,110,119,125,126,111,109,11,40,17,33,56,110,93,61,74,78,60,88,27,72,88,94,101,98,101,97,93,94,93,51,121,40,37,86,18,40,93,95,68,124,83,46,49,91,11,44,66,56,98,74,53,58,36,"http://a.espncdn.com/i/teamlogos/ncaa/500/99.png","#22005c","#fdd023"
"55",2021,"Marshall","Conference USA",36,51,57,52,28,119,39,11,46,69,50,74,32,49,101,95,29,68,38,93,47,49,13,120,47,84,78,26,115,37,48,10,122,18,65,38,40,112,121,99,43,55,64,58,105,82,89,127,81,123,104,124,43,42,35,63,33,112,63,35,55,45,63,64,19,98,57,8,79,103,77,112,123,15,50,17,85,47,51,77,"http://a.espncdn.com/i/teamlogos/ncaa/500/276.png","#186329","#be854c"
"56",2021,"Maryland","Big Ten",15,12,55,45,20,116,106,77,55,53,45,50,86,76,74,75,65,64,75,47,7,60,17,110,7,36,72,40,109,81,78,42,102,22,58,25,12,119,101,110,51,60,46,97,60,42,53,64,70,75,29,33,61,8,9,55,64,39,25,42,47,71,25,63,73,64,90,103,50,50,44,53,26,50,54,90,37,103,32,54,"http://a.espncdn.com/i/teamlogos/ncaa/500/120.png","#D5002B","#ffcd00"
"57",2021,"Memphis","American Athletic",13,25,19,11,53,10,42,74,58,40,57,42,44,37,70,48,80,34,18,84,86,57,68,30,86,7,23,14,74,42,38,46,42,52,25,9,69,10,128,119,90,117,95,38,44,117,95,105,31,64,48,60,94,58,79,127,130,59,122,70,74,34,122,118,128,108,91,116,65,70,82,21,13,101,103,54,118,37,79,85,"http://a.espncdn.com/i/teamlogos/ncaa/500/235.png","#002447","#231f20"
"58",2021,"Miami","ACC",116,114,103,106,91,83,83,129,126,127,71,116,64,92,114,23,111,113,114,110,108,117,92,117,108,45,70,23,113,112,114,105,52,16,93,89,84,102,22,10,92,76,96,99,71,15,37,18,106,57,94,66,126,103,106,31,26,79,70,76,100,67,70,106,90,90,122,81,70,58,98,91,45,97,90,84,78,86,25,45,"http://a.espncdn.com/i/teamlogos/ncaa/500/2390.png","#004325","#f0f0f0"
"59",2021,"Miami (OH)","Mid-American",125,127,123,124,128,5,7,56,77,120,96,121,116,123,125,3,127,115,93,124,130,107,126,5,130,124,125,78,88,105,109,129,23,41,120,121,120,21,6,3,87,56,76,94,105,62,80,46,86,62,124,108,117,33,32,2,1,9,81,87,81,84,81,85,33,57,113,1,99,90,68,118,130,80,95,69,9,23,86,97,"http://a.espncdn.com/i/teamlogos/ncaa/500/193.png","#a4000c","#f0f0f0"
"60",2021,"Michigan","Big Ten",33,34,24,25,51,33,52,46,80,16,88,24,23,5,51,122,7,2,1,53,16,15,60,22,16,70,61,67,5,33,17,45,37,125,18,46,87,6,77,83,31,33,33,42,6,59,36,58,13,28,28,36,10,111,118,72,91,38,85,38,40,55,85,29,46,20,54,68,16,16,32,31,61,45,40,57,47,1,8,10,"http://a.espncdn.com/i/teamlogos/ncaa/500/130.png","#00274c","#ffcb05"
"61",2021,"Michigan State","Big Ten",56,34,9,10,25,16,129,70,22,32,11,13,14,14,67,81,42,36,37,51,15,8,29,16,15,23,26,24,47,19,25,19,29,83,15,20,45,16,129,114,59,89,70,52,78,89,65,71,20,36,26,28,21,116,120,86,90,72,52,56,87,43,52,65,101,42,84,125,54,60,62,22,5,48,74,42,64,36,15,33,"http://a.espncdn.com/i/teamlogos/ncaa/500/127.png","#18453B","#ffffff"
"62",2021,"Middle Tennessee","Conference USA",126,111,117,123,124,23,128,56,64,122,119,128,84,115,19,101,28,128,128,114,123,99,109,21,123,126,127,43,112,127,123,123,68,23,86,95,112,24,26,20,91,82,119,22,87,129,126,67,113,69,109,91,83,36,26,21,20,61,101,94,113,25,101,88,104,124,32,86,88,75,124,4,52,114,115,53,95,117,114,109,"http://a.espncdn.com/i/teamlogos/ncaa/500/2393.png","#0079C2","#c3c5c8"
"63",2021,"Minnesota","Big Ten",105,97,91,96,96,86,75,49,81,42,106,64,76,56,52,115,14,24,44,21,51,93,99,96,51,63,96,34,4,96,85,92,96,127,56,93,102,8,18,17,36,31,35,51,97,65,32,9,7,5,38,19,60,116,111,29,57,13,19,86,80,86,19,2,32,4,27,123,40,35,30,45,7,33,41,31,30,81,36,57,"http://a.espncdn.com/i/teamlogos/ncaa/500/135.png","#7F011B","#FFCC33"
"64",2021,"Mississippi State","SEC",52,72,69,65,8,128,41,91,68,129,65,127,94,125,62,91,46,10,7,60,35,81,18,129,35,40,5,116,130,121,119,7,130,1,70,16,11,126,21,47,39,35,19,113,82,6,11,7,51,12,92,51,53,19,16,41,53,32,15,46,16,126,15,34,82,51,26,122,10,11,19,46,10,82,31,114,39,4,27,33,"http://a.espncdn.com/i/teamlogos/ncaa/500/344.png","#762123","#FFFFFF"
"65",2021,"Missouri","SEC",79,107,17,30,29,26,11,101,99,112,53,95,26,58,23,25,106,75,70,74,85,25,23,39,85,30,39,27,120,66,80,36,72,13,17,11,23,40,63,25,126,124,126,92,57,108,124,125,123,126,129,129,125,128,128,49,44,62,128,125,121,97,128,116,80,115,114,5,128,130,128,108,126,99,86,100,83,49,66,77,"http://a.espncdn.com/i/teamlogos/ncaa/500/142.png","#000000","#F1B82D"
"66",2021,"Navy","American Athletic",92,111,112,114,125,124,19,23,63,13,110,42,114,77,91,16,118,76,118,2,71,88,114,97,71,129,129,118,3,67,42,112,36,128,130,129,130,129,33,27,77,64,91,57,79,29,21,34,73,66,14,16,87,2,2,111,96,105,108,82,78,61,108,74,60,102,43,32,72,69,84,83,92,84,94,44,98,121,102,102,"http://a.espncdn.com/i/teamlogos/ncaa/500/2426.png","#131630","#b6a77c"
"67",2021,"NC State","ACC",58,54,61,58,68,73,42,1,16,53,48,68,38,54,58,80,37,9,9,41,37,23,51,41,37,122,115,104,103,43,50,69,41,31,76,63,53,108,31,63,23,19,12,77,53,34,55,13,37,14,17,12,35,116,110,95,106,44,6,14,9,48,6,48,58,43,50,120,7,8,10,7,14,56,30,86,64,9,36,36,"http://a.espncdn.com/i/teamlogos/ncaa/500/152.png","#EF1216","#231f20"
"68",2021,"Nebraska","Big Ten",2,6,14,3,43,25,95,19,23,1,63,10,31,6,64,93,33,26,67,5,39,17,55,18,39,28,35,55,28,16,3,59,12,101,28,14,30,46,126,124,54,83,82,23,36,81,48,96,17,58,57,81,17,59,58,76,92,46,77,43,79,12,77,79,99,84,61,84,45,54,94,13,51,65,65,47,69,64,24,30,"http://a.espncdn.com/i/teamlogos/ncaa/500/158.png","#F20017","#f5f1e7"
"69",2021,"Nevada","Mountain West",96,83,22,39,58,11,27,79,70,124,92,125,48,94,73,127,6,33,30,58,62,20,61,9,62,49,66,35,127,73,90,79,35,4,26,12,50,43,69,47,76,84,111,16,125,128,97,61,89,65,80,69,95,103,109,77,70,77,90,90,119,32,90,54,83,90,17,111,76,73,122,9,19,63,91,27,77,33,67,60,"http://a.espncdn.com/i/teamlogos/ncaa/500/2440.png","#153E5F","#8e9295"
"70",2021,"New Mexico","Mountain West",111,83,129,129,122,102,92,93,104,109,62,91,128,129,130,8,119,85,109,30,100,119,112,93,100,123,128,85,73,124,124,94,115,53,122,122,127,75,39,65,78,73,44,111,88,38,68,80,27,45,76,86,78,24,20,125,121,102,43,77,51,108,43,77,43,39,115,10,96,96,80,97,119,60,9,127,79,122,116,121,"http://a.espncdn.com/i/teamlogos/ncaa/500/167.png","#000000","#231f20"
"71",2021,"New Mexico State","FBS Independents",1,1,108,90,86,112,105,96,96,68,91,71,110,96,92,27,112,105,66,121,111,104,70,116,111,102,99,83,125,108,106,100,124,7,99,55,76,118,124,130,119,125,98,119,39,101,98,119,119,127,102,115,67,18,17,78,55,101,111,108,89,120,111,115,130,101,116,69,81,93,103,62,76,127,98,124,55,128,127,129,"http://a.espncdn.com/i/teamlogos/ncaa/500/166.png","#891216","#000000"
"72",2021,"North Carolina","ACC",25,45,15,14,30,6,53,42,13,31,10,15,18,24,40,43,102,92,104,73,49,45,42,24,49,10,10,3,77,7,12,14,15,54,55,35,55,15,88,93,70,80,84,39,111,56,41,92,43,84,101,110,68,30,45,114,77,124,87,99,106,78,87,30,100,25,23,21,37,46,81,14,108,102,77,97,111,109,21,20,"http://a.espncdn.com/i/teamlogos/ncaa/500/153.png","#99bfe5","#13294b"
"73",2021,"Northern Illinois","Mid-American",79,83,68,72,65,100,71,4,44,26,68,39,22,19,60,68,66,23,20,66,75,61,46,99,75,87,104,54,8,45,35,68,45,124,62,86,43,105,27,30,116,99,99,103,99,125,106,72,105,82,100,95,111,13,15,97,78,103,95,122,85,124,95,83,55,113,34,40,122,113,113,113,90,79,61,92,121,18,97,102,"http://a.espncdn.com/i/teamlogos/ncaa/500/2459.png","#F1122C","#cc0000"
"74",2021,"North Texas","Conference USA",96,113,113,115,114,99,58,16,37,60,66,77,75,71,128,63,63,52,41,68,106,123,119,123,106,77,93,51,58,83,83,95,86,76,119,118,119,87,6,15,84,54,28,130,16,68,49,24,50,24,107,87,9,19,21,19,6,126,113,34,12,111,113,130,78,87,130,14,60,51,26,126,121,122,70,130,56,60,113,111,"http://a.espncdn.com/i/teamlogos/ncaa/500/249.png","#00853D","#000000"
"75",2021,"Northwestern","Big Ten",84,83,76,75,77,89,47,8,31,52,31,46,30,43,89,103,30,86,96,71,80,58,53,89,80,99,108,42,57,23,33,28,70,77,102,102,113,70,56,47,114,111,101,81,30,103,115,99,116,107,128,126,108,95,84,124,118,113,93,113,105,89,93,102,50,97,70,46,127,125,102,128,84,54,104,14,120,107,82,91,"http://a.espncdn.com/i/teamlogos/ncaa/500/77.png","#372286","#d6cac1"
"76",2021,"Notre Dame","FBS Independents",18,4,101,95,106,43,122,127,123,98,120,100,106,95,92,88,42,110,107,103,115,94,106,25,115,106,73,115,105,120,120,118,113,24,81,56,81,45,106,128,22,27,17,35,2,5,25,42,42,49,85,89,34,56,49,52,63,35,13,7,10,5,13,84,29,62,81,112,31,33,13,115,18,18,36,9,51,115,17,16,"http://a.espncdn.com/i/teamlogos/ncaa/500/87.png","#00122b","#ae9142"
"77",2021,"Ohio","Mid-American",114,107,82,91,49,111,48,50,4,48,1,27,2,20,71,31,91,112,123,46,67,55,30,77,67,112,101,120,44,8,21,13,31,86,123,123,114,125,64,20,110,107,106,41,79,122,122,118,115,117,99,106,87,53,52,36,17,119,123,115,107,73,123,90,57,94,31,13,119,123,107,79,116,70,106,39,128,54,108,114,"http://a.espncdn.com/i/teamlogos/ncaa/500/195.png","#295A29","#e4bb85"
"78",2021,"Ohio State","Big Ten",40,45,3,1,3,7,29,17,7,28,13,21,11,21,10,38,87,1,2,27,6,3,4,6,6,5,6,32,71,6,13,23,20,57,7,5,3,27,123,103,16,20,45,17,28,50,17,58,47,70,79,97,30,123,123,81,119,12,34,11,22,28,34,51,40,107,7,101,12,10,20,43,28,26,82,10,25,3,2,3,"http://a.espncdn.com/i/teamlogos/ncaa/500/194.png","#DE3121","#666666"
"79",2021,"Oklahoma","Big 12",26,45,26,23,15,72,77,112,73,58,19,33,10,22,13,125,8,41,29,64,44,42,21,73,44,20,14,50,96,27,32,22,56,33,44,24,20,95,82,65,66,72,22,126,60,12,8,12,53,33,22,19,90,71,75,66,18,129,11,91,36,127,11,33,98,28,71,121,39,38,18,114,9,69,42,104,59,42,9,4,"http://a.espncdn.com/i/teamlogos/ncaa/500/201.png","#7b0000","#cccccc"
"80",2021,"Oklahoma State","Big 12",74,54,77,74,89,56,86,86,113,56,107,71,92,73,81,52,84,88,106,54,113,67,75,64,113,90,88,69,20,99,91,98,89,112,36,57,71,20,38,61,24,21,26,64,9,79,34,20,5,8,53,34,8,81,75,34,24,100,55,53,26,92,55,4,20,45,22,106,43,39,33,72,25,17,32,45,27,116,33,36,"http://a.espncdn.com/i/teamlogos/ncaa/500/197.png","#FF6500","#000000"
"81",2021,"Old Dominion","Conference USA",31,68,111,109,81,107,87,76,82,41,56,36,20,16,72,118,12,123,110,128,97,118,98,119,97,82,29,102,48,78,60,57,46,87,114,111,105,97,79,35,46,49,50,28,68,100,66,83,12,31,24,28,101,76,68,59,35,104,44,74,67,40,44,18,87,15,40,45,36,41,38,16,88,86,63,78,35,130,115,116,"http://a.espncdn.com/i/teamlogos/ncaa/500/295.png","#00507d","#a1d2f1"
"82",2021,"Ole Miss","SEC",63,83,2,2,11,3,95,68,8,18,5,9,39,32,5,71,53,11,23,17,14,1,10,1,14,18,42,41,31,1,1,9,5,95,9,18,38,5,75,30,100,98,117,32,15,83,102,108,114,115,59,72,107,93,90,104,71,118,112,116,116,70,112,42,48,104,12,31,116,119,121,81,96,51,89,30,106,14,19,10,"http://a.espncdn.com/i/teamlogos/ncaa/500/145.png","#001148","#CE1126"
"83",2021,"Oregon","Pac-12",82,83,60,60,45,92,101,31,32,43,79,60,43,42,18,120,9,37,13,88,21,47,41,67,21,91,96,77,39,48,45,40,80,91,72,78,70,61,79,47,50,53,81,21,65,44,57,56,24,31,32,32,39,128,129,108,94,96,59,54,76,15,59,56,65,90,35,94,41,43,48,29,32,53,108,15,100,12,39,20,"http://a.espncdn.com/i/teamlogos/ncaa/500/2483.png","#044520","#fee123"
"84",2021,"Oregon State","Pac-12",33,63,18,17,4,105,9,21,3,6,8,4,47,30,3,103,17,14,4,80,23,12,4,85,23,56,21,100,21,13,6,2,88,113,47,53,42,78,107,65,53,65,67,79,117,73,77,47,65,42,16,15,75,65,56,35,82,10,54,47,58,58,54,70,76,99,72,127,78,74,100,40,6,43,51,72,16,10,65,42,"http://a.espncdn.com/i/teamlogos/ncaa/500/204.png","#c34500","#000000"
"85",2021,"Penn State","Big Ten",23,16,75,59,69,66,118,119,115,72,102,78,98,90,46,20,104,28,53,12,74,105,79,92,74,22,24,47,83,111,111,102,87,45,52,30,31,80,118,120,7,7,25,15,75,10,26,66,56,79,10,22,6,86,86,80,97,42,32,8,29,19,32,20,6,33,14,88,21,21,34,37,40,6,26,11,54,78,6,5,"http://a.espncdn.com/i/teamlogos/ncaa/500/213.png","#00265D","#002e5c"
"86",2021,"Pittsburgh","ACC",95,75,4,8,6,31,103,97,74,84,58,84,96,102,1,103,27,43,58,24,18,5,2,37,18,6,37,8,66,49,59,38,81,64,4,6,2,32,15,69,13,13,13,86,1,36,4,6,6,6,96,57,41,79,87,15,14,71,46,26,19,98,46,12,27,9,65,96,9,9,5,95,34,34,37,60,11,28,10,24,"http://a.espncdn.com/i/teamlogos/ncaa/500/221.png","#003263","#231f20"
"87",2021,"Purdue","Big Ten",61,97,88,82,61,108,63,60,91,113,129,126,115,120,86,11,108,84,45,105,48,82,65,113,48,75,65,52,124,122,122,86,129,6,66,36,41,110,29,35,20,18,3,118,44,57,44,37,16,21,25,25,25,67,65,64,87,30,7,23,4,123,7,23,23,13,55,49,27,25,14,75,83,28,2,125,36,58,46,60,"http://a.espncdn.com/i/teamlogos/ncaa/500/2509.png","#B89D29","#a4a9ad"
"88",2021,"Rice","Conference USA",124,120,87,100,57,123,33,24,71,100,103,114,70,84,113,43,91,103,86,104,60,68,37,106,60,95,121,99,35,94,95,85,107,108,27,74,12,94,9,13,88,61,75,106,88,107,92,21,84,27,65,27,50,13,17,47,68,21,75,39,42,83,75,125,77,126,93,87,103,84,88,99,57,100,79,93,72,83,124,112,"http://a.espncdn.com/i/teamlogos/ncaa/500/242.png","#003D7D","#d1d5d8"
"89",2021,"Rutgers","Big Ten",13,16,94,79,66,125,85,15,49,25,99,52,125,106,85,123,10,48,72,19,42,62,49,81,42,121,114,129,55,75,54,51,105,73,105,98,82,121,67,110,57,58,21,109,40,47,56,76,74,87,110,107,49,110,99,32,30,65,51,59,20,105,51,62,63,31,104,37,53,61,31,101,95,68,20,118,24,89,67,82,"http://a.espncdn.com/i/teamlogos/ncaa/500/164.png","#d21034","#ffffff"
"90",2021,"San Diego State","Mountain West",98,34,83,87,102,27,59,110,83,45,39,30,17,14,90,71,60,50,59,34,96,78,91,34,96,74,107,33,6,22,24,75,4,126,117,120,121,89,47,79,2,2,5,2,17,1,2,2,40,8,19,9,17,128,130,7,12,11,5,3,15,3,5,1,9,2,11,130,2,1,3,17,1,8,12,6,2,67,42,68,"http://a.espncdn.com/i/teamlogos/ncaa/500/21.png","#BF2C37","#a8996e"
"91",2021,"San Jose State","Mountain West",128,122,106,111,94,95,130,113,78,125,80,123,82,113,28,66,54,125,124,125,70,90,85,71,70,114,100,108,100,89,98,53,111,29,110,116,111,81,13,10,69,51,89,20,105,80,90,35,46,23,7,7,93,22,33,4,16,2,83,69,109,11,83,69,52,29,103,65,52,48,89,1,63,74,84,71,29,84,87,94,"http://a.espncdn.com/i/teamlogos/ncaa/500/23.png","#005893","#fdba31"
"92",2021,"SMU","American Athletic",10,9,8,5,13,19,16,56,25,23,32,22,65,46,43,114,25,3,5,25,29,26,31,48,29,4,3,7,72,63,49,37,103,67,5,1,5,11,95,110,75,88,31,120,30,112,75,91,23,45,55,67,73,88,91,119,103,117,26,49,21,104,26,103,114,72,101,67,62,67,21,103,75,103,71,106,94,15,44,39,"http://a.espncdn.com/i/teamlogos/ncaa/500/2567.png","#E32F38","#ecdcb9"
"93",2021,"South Alabama","Sun Belt",129,129,52,92,56,52,112,106,79,121,81,120,100,122,121,17,113,124,127,57,73,114,86,115,73,3,7,9,59,62,87,50,82,72,57,90,80,29,1,1,12,10,7,128,7,2,1,1,2,1,8,2,1,12,19,3,2,8,8,16,3,121,8,19,41,36,111,119,1,2,1,50,15,77,44,117,40,108,110,97,"http://a.espncdn.com/i/teamlogos/ncaa/500/6.png","#003E7E","#FFFFFF"
"94",2021,"South Carolina","SEC",50,63,109,105,101,69,81,104,106,66,74,59,95,87,119,81,52,102,113,70,99,101,87,72,99,110,109,53,60,116,115,103,116,71,92,85,100,31,74,99,33,34,83,4,123,117,107,107,95,98,66,71,11,36,42,70,88,41,109,33,60,9,109,43,5,117,2,42,86,88,92,33,89,5,60,1,61,120,72,83,"http://a.espncdn.com/i/teamlogos/ncaa/500/2579.png","#670010","#000000"
"95",2021,"Southern Mississippi","Conference USA",40,21,114,110,123,34,112,125,122,93,98,85,72,66,129,68,58,118,122,99,129,127,127,62,129,76,82,86,79,130,130,127,106,61,69,52,103,26,61,88,98,93,37,125,119,43,27,40,41,42,123,118,15,86,77,91,65,109,28,60,25,94,28,117,122,82,127,64,32,32,17,73,64,121,85,120,73,127,107,120,"http://a.espncdn.com/i/teamlogos/ncaa/500/2572.png","#FFAA3C","#ffc423"
"96",2021,"South Florida","American Athletic",89,92,97,98,78,121,117,95,92,63,73,61,97,91,111,71,62,69,91,31,83,85,64,103,83,104,94,117,36,74,63,54,91,100,100,106,97,113,45,47,123,121,124,98,105,90,109,84,127,111,122,114,89,50,46,126,129,88,103,126,126,107,103,98,110,90,95,66,125,118,97,125,67,110,127,38,127,100,118,116,"http://a.espncdn.com/i/teamlogos/ncaa/500/58.png","#004A36","#231f20"
"97",2021,"Stanford","Pac-12",81,34,67,71,100,8,127,116,109,116,116,118,12,45,112,84,50,83,65,87,101,76,100,17,101,55,83,29,121,98,101,124,7,10,71,47,62,60,114,124,79,96,118,10,55,93,118,128,109,129,108,122,57,91,93,121,126,74,120,88,125,17,120,72,16,48,44,20,121,127,129,59,110,14,46,5,119,76,89,66,"http://a.espncdn.com/i/teamlogos/ncaa/500/24.png","#A80532","#ffffff"
"98",2021,"Syracuse","ACC",89,63,51,55,60,63,63,87,62,44,12,11,27,28,37,75,56,49,56,39,78,84,62,111,78,13,61,2,9,35,30,52,19,122,60,83,79,84,36,72,48,45,52,36,49,71,50,40,26,26,45,41,105,10,10,13,9,92,121,62,37,68,121,50,39,58,21,55,64,62,49,52,73,42,51,37,32,38,52,77,"http://a.espncdn.com/i/teamlogos/ncaa/500/183.png","#F37321","#0d1d37"
"99",2021,"TCU","Big 12",123,126,7,38,44,4,59,29,29,71,21,56,1,13,28,29,110,44,62,22,77,9,69,3,77,15,4,31,14,4,20,48,3,115,21,73,48,12,16,7,104,85,112,89,95,115,129,94,128,113,86,76,98,89,97,122,124,81,124,103,89,99,124,108,49,127,66,17,117,105,125,84,115,88,76,110,124,24,34,24,"http://a.espncdn.com/i/teamlogos/ncaa/500/2628.png","#3C377D","#f1f2f3"
"100",2021,"Temple","American Athletic",46,45,107,101,108,93,71,63,95,75,101,87,89,86,115,58,79,45,89,3,81,113,110,100,81,79,81,87,89,91,86,97,83,46,107,101,104,96,99,103,96,106,85,75,99,104,93,120,62,108,77,103,122,16,24,100,81,110,107,109,95,96,107,55,56,40,68,9,110,120,106,76,118,62,38,105,91,80,105,110,"http://a.espncdn.com/i/teamlogos/ncaa/500/218.png","#A80532","#a7a9ac"
"101",2021,"Tennessee","SEC",12,13,32,18,18,87,78,7,19,5,28,6,33,12,16,95,24,5,26,6,9,39,20,78,9,27,49,21,19,21,11,6,85,109,53,50,74,36,110,103,37,47,48,59,42,28,38,62,60,68,43,52,55,81,82,26,32,27,35,27,61,41,35,61,51,36,85,102,49,52,42,69,33,39,58,35,7,17,14,24,"http://a.espncdn.com/i/teamlogos/ncaa/500/2633.png","#EE9627","#ffffff"
"102",2021,"Texas","Big 12",85,95,13,27,35,18,68,44,20,36,64,49,58,53,14,93,34,25,39,29,38,16,36,27,38,25,40,10,24,36,34,31,78,104,10,28,44,4,52,55,122,120,105,95,85,65,94,81,108,95,125,119,112,30,49,90,52,116,119,123,103,110,119,109,106,106,69,52,120,116,93,124,74,106,117,41,115,19,31,10,"http://a.espncdn.com/i/teamlogos/ncaa/500/251.png","#EE7524","#f0f0f0"
"103",2021,"Texas A&M","SEC",55,29,89,78,71,81,100,120,94,83,35,56,19,31,84,48,73,95,82,100,87,95,74,68,87,52,32,103,98,72,72,60,38,35,96,84,77,107,112,110,11,12,39,11,26,24,52,77,102,102,56,65,5,70,80,101,110,52,86,17,35,23,86,21,12,46,10,90,19,19,64,20,37,11,21,13,41,104,18,10,"http://a.espncdn.com/i/teamlogos/ncaa/500/245.png","#5C0025","#ffffff"
"104",2021,"Texas State","Sun Belt",117,120,58,76,40,118,17,3,11,89,52,105,123,124,31,5,124,122,125,90,94,66,24,126,94,50,71,60,82,59,79,15,123,59,67,75,78,79,14,9,120,95,113,80,128,109,108,51,103,56,72,47,120,4,4,30,27,66,62,97,94,53,62,122,92,130,64,60,112,92,110,82,72,113,118,70,90,123,123,112,"http://a.espncdn.com/i/teamlogos/ncaa/500/326.png","#4e1719","#b4975a"
"105",2021,"Texas Tech","Big 12",94,97,21,36,9,75,2,52,57,90,78,97,62,75,34,54,95,61,32,85,17,14,11,40,17,65,37,111,97,39,57,35,75,32,32,32,7,92,37,27,111,102,100,85,28,84,82,68,80,77,119,109,129,95,99,54,83,18,114,121,104,101,114,82,66,70,83,25,115,109,114,100,102,92,68,81,86,32,64,57,"http://a.espncdn.com/i/teamlogos/ncaa/500/2641.png","#C80025","#231f20"
"106",2021,"Toledo","Mid-American",92,25,78,83,126,2,123,71,76,86,70,86,13,33,98,58,61,107,116,76,121,72,124,2,121,86,119,12,76,40,52,117,2,55,97,94,126,13,71,103,8,8,20,13,5,55,28,60,34,58,67,74,7,46,40,8,13,14,30,13,14,26,30,14,37,55,5,38,14,14,7,98,97,37,64,24,15,74,70,71,"http://a.espncdn.com/i/teamlogos/ncaa/500/2649.png","#00488F","#ffd51d"
"107",2021,"Troy","Sun Belt",50,34,102,97,82,120,106,90,116,111,90,97,36,60,116,98,39,96,87,94,61,108,89,118,61,67,60,95,117,107,108,91,94,14,94,71,73,120,59,74,14,17,10,70,127,13,5,26,28,39,33,42,23,49,47,5,4,60,12,29,17,100,12,7,26,7,19,50,17,17,9,90,86,27,24,43,1,79,85,71,"http://a.espncdn.com/i/teamlogos/ncaa/500/2653.png","#AE0210","#88898c"
"108",2021,"Tulane","American Athletic",49,34,73,67,92,9,92,103,108,94,48,68,67,69,20,43,96,81,73,81,119,89,94,20,119,51,64,36,106,46,53,93,9,21,98,80,89,44,98,83,95,105,93,96,30,17,78,101,112,120,112,116,63,6,8,85,73,93,94,73,69,74,94,113,86,116,102,39,98,106,58,121,91,78,116,48,97,112,94,88,"http://a.espncdn.com/i/teamlogos/ncaa/500/2655.png","#005837","#3baf29"
"109",2021,"Tulsa","American Athletic",119,114,104,108,95,94,125,78,125,123,123,122,102,114,97,10,126,120,111,126,79,121,108,125,79,26,43,38,86,118,118,104,90,42,85,91,85,101,19,13,83,66,88,102,59,18,58,28,88,49,105,87,96,28,30,10,15,28,48,52,62,91,48,114,62,123,74,63,75,68,57,89,65,87,107,94,46,71,73,71,"http://a.espncdn.com/i/teamlogos/ncaa/500/202.png","#004371","#ee3b33"
"110",2021,"UAB","Conference USA",59,29,72,68,83,50,81,84,72,35,75,41,77,54,103,68,70,46,77,16,95,59,82,55,95,94,63,80,17,93,81,101,62,114,41,60,52,30,97,93,27,29,15,91,20,41,13,39,35,53,27,31,17,60,63,79,101,23,9,20,18,109,9,37,84,38,30,85,8,6,15,27,48,61,33,109,67,90,69,77,"http://a.espncdn.com/i/teamlogos/ncaa/500/5.png","#003b28","#ffc845"
"111",2021,"UCF","American Athletic",77,75,36,42,16,109,17,6,2,39,7,27,28,38,7,95,41,13,10,52,28,51,14,121,28,19,28,19,64,10,18,4,51,63,89,81,46,123,56,30,67,63,55,65,53,33,33,52,59,62,18,24,105,105,104,98,102,58,64,50,46,52,64,94,74,74,67,48,51,56,50,51,80,75,53,73,96,21,53,39,"http://a.espncdn.com/i/teamlogos/ncaa/500/2116.png","#000000","#231f20"
"112",2021,"UCLA","Pac-12",31,2,20,20,46,29,89,48,28,10,25,8,25,9,88,103,45,19,28,37,43,29,58,32,43,24,36,45,13,24,16,43,32,117,29,43,64,17,107,120,82,101,80,93,20,39,14,22,58,37,69,53,24,42,51,87,75,91,55,75,68,85,55,97,123,95,79,126,47,45,71,74,4,95,88,65,82,22,36,23,"http://a.espncdn.com/i/teamlogos/ncaa/500/26.png","#005C8E","#ffc72c"
"113",2021,"UMass","FBS Independents",86,54,118,118,93,122,126,108,117,99,100,93,104,101,78,13,120,108,90,112,63,111,96,101,63,119,84,121,63,110,110,76,110,68,115,112,108,100,60,61,124,122,121,107,30,30,76,96,111,116,116,116,109,22,11,68,76,51,116,117,110,102,116,127,118,125,121,6,107,110,117,106,124,128,109,123,107,85,128,128,"http://a.espncdn.com/i/teamlogos/ncaa/500/113.png","#880007","#FFFFFF"
"114",2021,"UNLV","Mountain West",130,129,96,112,121,17,12,64,101,130,94,130,78,121,83,2,128,126,126,120,102,71,118,15,102,117,122,62,104,82,100,105,61,26,104,115,125,18,2,1,97,50,114,30,25,52,60,8,83,16,54,19,104,3,3,128,120,125,118,111,115,64,118,53,54,85,16,58,67,47,63,58,68,105,128,16,130,124,119,122,"http://a.espncdn.com/i/teamlogos/ncaa/500/2439.png","#000000","#c2c4c6"
"115",2021,"USC","Pac-12",74,83,44,47,7,115,42,81,54,110,44,100,88,106,11,14,116,99,47,123,59,28,9,84,59,73,16,124,123,53,75,11,121,8,43,23,10,116,20,30,107,87,103,69,99,87,62,49,75,58,90,85,123,24,12,106,95,95,99,114,112,81,99,66,116,79,56,24,35,37,73,42,111,129,126,83,117,27,50,30,"http://a.espncdn.com/i/teamlogos/ncaa/500/30.png","#AE2531","#ffc72c"
"116",2021,"Utah","Pac-12",113,92,66,85,74,71,79,82,41,103,22,81,9,41,53,116,23,109,101,107,72,43,40,46,72,113,123,94,101,71,82,81,18,28,78,79,49,115,53,47,40,39,60,50,9,9,69,44,64,42,51,42,45,100,96,24,45,17,21,55,77,54,21,27,42,30,36,93,42,44,66,67,41,38,55,32,14,87,25,18,"http://a.espncdn.com/i/teamlogos/ncaa/500/254.png","#890012","#7e8083"
"117",2021,"Utah State","Mountain West",45,83,41,34,109,1,15,109,107,82,55,62,46,51,94,1,130,53,16,102,128,86,120,13,128,16,57,4,92,79,76,120,11,44,24,15,86,7,45,35,108,97,107,101,3,21,64,55,101,83,127,123,65,13,14,94,79,97,105,79,98,87,105,124,109,120,118,61,100,95,105,119,79,115,113,75,42,43,100,106,"http://a.espncdn.com/i/teamlogos/ncaa/500/328.png","#003263","#949ca1"
"118",2021,"UTEP","Conference USA",101,51,74,84,120,14,118,111,119,77,122,94,53,47,108,33,85,51,43,61,91,64,125,11,91,92,94,66,16,114,112,128,34,119,6,31,65,3,56,74,9,9,16,54,4,16,23,27,22,25,21,23,27,61,59,27,29,50,22,19,32,69,22,8,38,12,33,91,4,3,24,2,43,36,23,103,5,51,102,114,"http://a.espncdn.com/i/teamlogos/ncaa/500/2638.png","#002843","#ff6f12"
"119",2021,"UTSA","Conference USA",5,21,38,21,48,80,95,14,36,10,111,48,127,110,47,90,32,12,17,23,5,36,67,54,5,43,20,106,49,88,64,83,95,82,12,8,9,74,88,103,47,52,63,73,11,76,74,54,36,34,2,5,81,61,74,45,47,54,37,95,89,103,37,5,112,23,24,115,30,29,46,24,17,90,75,89,22,77,77,70,"http://a.espncdn.com/i/teamlogos/ncaa/500/2636.png","#002A5C","#f47321"
"120",2021,"Vanderbilt","SEC",70,61,115,113,127,74,118,124,120,108,114,107,105,104,120,6,123,90,40,116,120,129,128,122,120,53,89,49,93,117,117,126,53,37,112,107,118,99,65,79,121,116,108,100,20,58,103,95,125,114,111,105,110,7,5,82,114,16,104,106,110,82,104,120,115,99,129,57,106,100,111,94,69,109,105,95,93,34,122,125,"http://a.espncdn.com/i/teamlogos/ncaa/500/238.png","#000000","#866D4B"
"121",2021,"Virginia","ACC",7,21,28,12,38,21,37,56,59,87,33,68,42,64,49,15,117,87,81,86,84,65,50,50,84,8,9,22,126,65,73,73,43,5,31,3,15,66,93,103,103,108,77,90,65,105,96,114,66,91,118,121,77,91,92,116,113,89,80,104,73,76,80,92,117,73,97,35,89,94,73,66,101,116,83,116,108,91,45,41,"http://a.espncdn.com/i/teamlogos/ncaa/500/258.png","#00204e","#F84C1E"
"122",2021,"Virginia Tech","ACC",121,124,98,107,88,82,37,128,118,118,89,109,113,118,107,88,44,93,119,13,127,124,95,124,127,41,45,58,51,113,113,82,98,80,77,96,92,48,5,7,52,37,42,74,11,61,100,25,118,45,81,48,30,121,122,11,21,19,36,36,38,66,36,78,11,59,39,54,101,83,78,110,71,13,14,40,57,94,49,33,"http://a.espncdn.com/i/teamlogos/ncaa/500/259.png","#630031","#CF4420"
"123",2021,"Wake Forest","ACC",61,81,40,40,52,51,56,65,60,46,108,79,118,97,22,126,5,42,11,97,32,52,78,51,32,21,12,81,46,87,77,84,100,85,13,21,18,34,61,35,99,94,115,62,104,110,125,104,129,122,91,94,70,125,126,46,37,80,82,101,108,80,82,86,75,122,28,70,109,101,108,77,59,67,119,50,38,13,46,42,"http://a.espncdn.com/i/teamlogos/ncaa/500/154.png","#9E7E38","#000000"
"124",2021,"Washington","Pac-12",87,92,85,86,62,101,87,5,43,94,93,112,107,112,80,27,98,70,34,98,46,53,56,80,46,116,98,82,114,50,71,58,97,20,82,72,56,111,41,47,42,43,38,25,115,102,114,98,92,88,61,56,53,26,25,99,100,67,55,28,34,16,55,75,18,56,47,29,77,85,90,34,103,21,4,80,88,57,53,47,"http://a.espncdn.com/i/teamlogos/ncaa/500/264.png","#2B2F64","#B7A57A"
"125",2021,"Washington State","Pac-12",38,45,93,88,63,88,123,123,87,90,24,54,66,72,82,107,22,91,83,95,66,109,77,95,66,44,22,91,116,92,89,67,63,15,91,68,54,109,93,69,64,71,102,29,98,45,99,90,122,110,68,63,71,53,61,33,43,31,69,89,116,39,69,32,47,65,41,100,92,89,116,41,31,40,87,28,49,105,80,66,"http://a.espncdn.com/i/teamlogos/ncaa/500/265.png","#94022a","#6a747c"
"126",2021,"Western Kentucky","Conference USA",72,102,6,7,2,62,46,38,18,117,30,112,129,130,24,41,94,29,3,117,10,30,3,87,10,2,2,6,128,77,92,1,128,2,11,2,4,65,84,23,112,118,127,24,96,123,113,117,76,96,35,54,124,44,44,123,125,85,126,102,114,27,126,123,97,129,53,30,113,117,127,32,93,96,99,55,122,2,81,83,"http://a.espncdn.com/i/teamlogos/ncaa/500/98.png","#F32026","#b3b5b8"
"127",2021,"Western Michigan","Mid-American",10,34,62,48,49,98,74,12,48,17,118,58,124,97,100,84,39,56,33,82,20,77,48,108,20,29,85,5,44,60,41,44,112,84,74,61,68,54,33,74,85,79,43,121,69,40,39,31,93,66,103,93,62,34,38,14,11,69,47,118,66,129,47,28,69,11,52,72,82,76,61,116,58,85,28,111,18,31,83,60,"http://a.espncdn.com/i/teamlogos/ncaa/500/2711.png","#B59966","#bfa979"
"128",2021,"West Virginia","Big 12",24,54,63,53,64,60,50,41,90,65,95,83,112,102,36,75,46,39,42,44,89,75,63,88,89,48,53,18,99,68,62,55,71,34,75,51,67,71,88,79,58,62,58,63,41,4,20,42,14,28,36,49,46,53,55,69,41,111,37,25,53,29,37,107,96,76,96,89,33,34,35,28,38,72,78,68,48,55,62,54,"http://a.espncdn.com/i/teamlogos/ncaa/500/277.png","#002855","#EAAA00"
"129",2021,"Wisconsin","Big Ten",66,72,124,121,36,130,63,20,30,30,77,47,79,62,127,55,67,20,15,69,12,97,38,130,12,130,59,130,23,55,44,24,114,106,129,130,72,130,11,35,4,4,1,88,30,25,3,4,1,2,3,1,42,65,59,18,48,7,1,4,1,60,1,10,10,5,59,124,3,4,2,12,8,10,3,88,4,39,7,24,"http://a.espncdn.com/i/teamlogos/ncaa/500/275.png","#A00001","#f7f7f7"
"130",2021,"Wyoming","Mountain West",100,102,46,54,42,84,20,18,53,51,84,65,90,82,45,121,13,121,98,129,53,32,25,66,53,81,112,56,26,34,39,33,74,105,61,76,63,49,50,55,28,25,49,14,105,98,84,82,54,58,73,74,32,1,1,56,69,36,76,12,33,4,76,80,8,89,42,41,73,81,55,70,94,9,34,7,110,25,71,71,"http://a.espncdn.com/i/teamlogos/ncaa/500/2751.png","#533B22","#ffffff"
