team,offense.ppa,offense.totalPPA,offense.successRate,offense.explosiveness,offense.powerSuccess,offense.stuffRate,offense.lineYards,offense.lineYardsTotal,offense.secondLevelYards,offense.secondLevelYardsTotal,offense.openFieldYards,offense.openFieldYardsTotal,offense.pointsPerOpportunity,offense.fieldPosition.averageStart,offense.fieldPosition.averagePredictedPoints,offense.havoc.total,offense.havoc.frontSeven,offense.havoc.db,offense.standardDowns.rate,offense.standardDowns.ppa,offense.standardDowns.successRate,offense.standardDowns.explosiveness,offense.passingDowns.rate,offense.passingDowns.ppa,offense.passingDowns.successRate,offense.passingDowns.explosiveness,offense.rushingPlays.rate,offense.rushingPlays.ppa,offense.rushingPlays.totalPPA,offense.rushingPlays.successRate,offense.rushingPlays.explosiveness,offense.passingPlays.rate,offense.passingPlays.ppa,offense.passingPlays.totalPPA,offense.passingPlays.successRate,offense.passingPlays.explosiveness,defense.plays,defense.drives,defense.ppa,defense.totalPPA,defense.successRate,defense.explosiveness,defense.powerSuccess,defense.stuffRate,defense.lineYards,defense.lineYardsTotal,defense.secondLevelYards,defense.secondLevelYardsTotal,defense.openFieldYards,defense.openFieldYardsTotal,defense.pointsPerOpportunity,defense.fieldPosition.averageStart,defense.fieldPosition.averagePredictedPoints,defense.havoc.total,defense.havoc.frontSeven,defense.havoc.db,defense.standardDowns.rate,defense.standardDowns.ppa,defense.standardDowns.successRate,defense.standardDowns.explosiveness,defense.passingDowns.rate,defense.passingDowns.ppa,defense.passingDowns.totalPPA,defense.passingDowns.successRate,defense.passingDowns.explosiveness,defense.rushingPlays.rate,defense.rushingPlays.ppa,defense.rushingPlays.totalPPA,defense.rushingPlays.successRate,defense.rushingPlays.explosiveness,defense.passingPlays.rate,defense.passingPlays.ppa,defense.passingPlays.successRate,defense.passingPlays.explosiveness,CollinHavocRate,CollinHavocAllowedRate,SP,TAN
Air Force,37,41,57,30,69,37,59,3,89,13,25,3,92,75,122,125,2,11,130,41,66,76,60,90,7,17,11,2,21,7,60,12,129,6,108,89,1,121,12,52,38,7,126,129,64,72,10,47,10,83,37,126,53,12,13,22,33,105,8,41,125,103,123,56,22,29,126,20,87,66,7,130,106,26,27,121,66,78
Akron,102,95,83,85,114,40,46,50,49,47,103,92,105,80,20,15,123,128,123,105,96,79,54,26,105,71,116,78,87,83,105,50,51,105,98,64,100,62,46,127,127,130,59,103,39,129,124,130,130,125,127,22,1,92,97,89,24,1,129,130,1,111,2,49,92,51,13,109,130,129,130,111,24,95,21,8,126,127
Alabama,12,9,20,35,80,76,60,52,46,43,62,54,12,127,109,115,33,63,122,27,20,35,43,104,13,15,36,65,73,64,30,110,64,7,6,24,16,70,69,36,36,53,44,9,122,9,37,40,58,16,22,108,27,29,21,37,41,78,59,33,71,52,72,43,58,26,49,90,20,20,41,42,44,59,37,68,2,1
Appalachian State,33,23,16,78,61,92,62,31,31,14,58,44,20,102,44,51,69,54,49,42,13,16,33,88,95,30,118,48,62,43,35,56,82,21,16,7,90,32,79,34,40,35,84,85,120,19,26,78,71,60,50,61,115,33,36,50,57,92,19,62,77,70,112,13,45,21,87,17,40,40,29,66,117,30,35,74,37,24
Arizona,128,128,86,129,23,107,91,107,68,101,120,119,105,3,14,12,93,104,66,67,114,57,127,64,128,126,122,116,98,102,67,123,15,126,126,104,126,114,43,75,60,31,123,41,90,45,57,89,81,106,100,110,19,70,67,44,49,91,20,54,115,96,111,94,60,85,101,128,61,63,34,108,3,103,24,4,110,105
Arizona State,8,14,5,66,17,46,6,21,5,7,31,33,20,104,119,120,47,79,120,25,4,2,42,106,37,35,88,29,3,6,3,33,97,48,57,27,79,65,50,39,43,27,35,51,51,81,95,80,96,67,78,52,83,10,7,49,46,68,88,58,95,57,43,30,30,16,35,94,72,78,57,58,36,29,36,59,14,14
Arkansas,51,44,66,79,18,101,61,22,24,8,44,24,69,15,44,45,73,82,83,71,52,62,50,60,49,64,111,7,43,27,32,60,124,42,69,117,14,53,79,11,13,34,15,30,115,33,87,22,60,45,68,110,108,87,82,59,48,44,53,39,51,27,78,2,11,2,48,101,37,38,56,31,26,11,36,43,28,16
Arkansas State,78,76,98,52,36,15,31,110,82,113,54,93,26,18,31,30,122,96,4,82,78,95,41,49,83,102,91,128,85,96,73,126,3,74,38,98,58,100,69,128,121,104,129,78,32,116,79,114,84,130,129,84,25,68,74,84,114,116,104,126,56,130,27,128,107,123,108,66,129,123,112,129,63,116,24,16,123,111
Army,35,31,37,106,23,10,54,1,112,11,48,8,45,122,129,129,9,42,129,2,33,40,99,129,35,65,15,1,24,4,41,54,130,3,105,16,4,119,16,68,54,47,115,46,93,18,5,51,6,48,15,110,50,14,15,61,113,125,33,86,88,129,98,46,65,57,28,3,56,48,22,119,127,69,22,98,78,75
Auburn,19,16,24,42,51,31,13,29,11,15,4,4,12,97,56,71,6,7,82,31,18,30,30,100,38,26,75,76,7,9,19,13,53,70,51,38,94,34,90,9,9,42,5,6,125,5,18,16,28,38,40,110,38,23,19,22,13,28,34,15,112,32,97,23,49,94,1,40,16,16,9,100,90,40,46,124,18,8
Ball State,125,125,116,124,97,41,79,75,113,101,106,101,109,37,56,69,51,47,75,90,121,111,122,41,116,121,103,95,95,95,118,21,38,123,124,102,128,31,60,87,99,115,17,78,7,110,123,70,111,71,98,37,82,42,55,118,110,25,110,106,5,30,21,54,81,28,69,118,94,112,106,41,10,89,26,72,107,89
Baylor,6,8,15,28,28,26,5,9,4,3,15,11,33,92,78,79,50,88,125,15,1,4,10,116,97,89,82,22,2,2,15,5,107,61,72,37,83,45,69,53,61,41,68,101,31,80,108,52,92,65,89,67,53,26,17,36,34,65,61,49,99,67,70,67,63,59,59,107,54,65,38,69,16,72,37,44,36,49
Boise State,71,64,69,72,49,123,128,115,124,110,128,127,7,59,90,91,83,106,102,66,89,69,69,65,41,51,70,102,124,124,90,116,25,41,17,40,77,21,116,59,69,49,48,58,97,73,109,82,113,100,113,28,107,44,46,62,80,93,60,48,96,28,71,75,70,74,82,99,65,79,47,65,34,67,30,15,55,54
Boston College,26,30,32,63,26,85,107,56,118,80,35,25,62,88,41,47,31,39,89,9,30,31,78,122,34,53,3,28,56,42,29,91,99,15,25,39,21,73,52,18,18,31,49,26,55,48,64,20,32,49,48,78,111,19,28,108,116,81,96,14,117,16,35,60,19,78,110,71,24,24,30,34,62,20,21,78,43,43
Bowling Green,127,127,118,92,102,122,127,124,126,122,121,121,88,25,56,57,109,109,31,121,126,108,112,10,117,119,69,122,128,129,122,124,9,111,101,95,99,7,100,41,53,70,16,122,36,105,128,68,118,23,53,15,91,124,124,111,97,35,90,63,25,20,41,22,7,7,80,119,92,115,116,27,11,7,31,9,113,121
Buffalo,86,93,102,81,49,32,101,96,127,118,60,69,116,26,5,7,27,35,92,49,87,110,53,82,67,76,108,52,83,84,108,36,79,85,93,85,104,88,16,97,90,103,77,32,33,96,96,112,108,123,123,22,116,125,123,96,65,16,100,72,65,72,31,118,87,126,51,110,104,101,93,105,21,106,34,114,89,98
BYU,25,32,23,60,63,115,87,61,16,27,20,19,33,66,74,66,78,103,114,39,7,17,47,92,92,62,52,53,26,29,46,17,78,39,43,13,97,24,37,67,81,79,69,41,70,40,66,67,79,71,76,45,75,4,6,45,50,90,68,56,45,50,63,87,76,69,95,38,77,80,72,98,98,56,33,21,40,43
California,49,43,47,58,3,2,1,47,7,34,53,66,79,61,7,4,38,22,50,76,45,47,52,55,64,48,79,106,12,24,13,58,32,82,67,88,54,26,72,76,89,65,110,91,58,77,65,56,53,52,45,15,97,99,100,104,122,106,54,83,68,93,77,61,114,81,117,14,60,61,48,71,114,90,21,92,81,65
Central Michigan,77,78,94,21,54,84,40,66,15,39,13,22,26,31,31,32,120,122,26,128,79,85,62,3,88,74,31,92,80,80,74,82,40,79,58,106,15,117,37,58,47,20,127,91,117,8,6,65,20,77,40,95,16,33,49,7,8,109,9,67,93,125,122,45,100,22,122,52,7,9,6,87,79,114,36,25,97,98
Charlotte,48,40,71,22,92,87,69,48,47,36,71,55,62,85,24,22,87,83,44,93,37,60,12,38,79,68,86,38,59,47,83,16,94,28,37,36,45,62,60,119,116,85,117,78,6,121,122,118,125,124,126,37,65,62,54,101,87,30,98,120,29,126,33,77,53,42,93,120,124,125,108,122,13,65,25,39,111,105
Cincinnati,29,57,36,65,5,112,58,100,26,75,64,83,52,109,109,115,22,29,96,47,16,34,25,84,81,42,114,75,27,50,34,39,55,50,59,34,87,86,32,7,7,9,65,101,103,36,29,17,17,12,12,84,123,60,53,17,71,129,3,8,124,61,128,21,5,36,29,54,25,25,10,81,81,5,26,87,11,6
Clemson,118,114,101,113,10,29,43,62,84,80,70,68,92,54,37,49,56,49,68,94,127,99,128,37,70,83,22,85,52,56,79,47,44,127,128,111,117,16,90,6,6,10,21,78,81,15,63,5,24,7,14,78,128,50,60,81,60,26,32,3,123,6,99,40,17,40,50,53,6,3,18,5,82,14,37,65,4,24
Coastal Carolina,1,7,1,49,67,22,11,38,8,20,27,32,33,129,54,53,15,26,113,1,6,5,46,130,1,1,57,10,8,12,6,27,120,2,23,1,70,113,9,33,26,40,56,117,37,53,21,30,18,95,80,126,86,39,30,73,47,14,55,52,80,84,76,15,15,18,26,79,80,71,65,94,45,19,32,119,29,16
Colorado,121,121,111,123,57,77,100,63,55,55,85,76,123,91,24,28,104,97,36,98,99,71,115,33,125,130,72,20,91,89,63,112,108,124,123,128,84,67,72,92,95,68,72,89,83,91,85,109,97,62,63,37,41,87,94,112,86,11,49,87,55,63,82,88,89,55,77,62,86,87,63,88,71,83,24,29,105,87
Colorado State,113,113,122,76,124,65,81,95,88,99,93,99,116,4,70,75,115,86,6,120,116,125,100,11,85,80,89,40,105,105,109,103,89,110,113,121,31,125,16,14,12,2,121,91,128,4,3,3,3,6,3,122,109,77,75,42,30,48,4,4,130,116,127,53,29,19,46,13,3,6,1,120,121,38,28,82,93,88
UConn,126,126,129,46,113,83,77,74,53,69,88,86,102,51,48,44,108,94,15,125,128,129,89,6,101,112,54,107,92,92,107,72,26,125,127,129,35,2,124,121,129,124,46,123,27,93,129,62,126,50,100,2,8,97,103,114,111,54,126,122,4,59,5,106,128,55,114,121,96,120,120,28,12,127,#N/A,#N/A,130,128
Duke,30,20,34,53,30,42,26,10,45,19,16,9,12,47,37,34,40,56,108,54,14,27,14,77,84,50,120,44,20,17,33,37,91,46,32,30,63,26,100,90,102,63,111,52,60,63,100,74,104,66,88,45,40,63,46,55,53,76,37,68,70,81,93,109,113,77,120,92,73,86,67,72,38,113,32,69,84,93
East Carolina,72,66,105,6,74,98,113,89,103,92,3,7,52,34,74,73,98,89,35,110,46,107,2,21,113,91,97,97,67,67,115,3,33,86,65,83,49,15,120,102,113,75,100,59,108,61,81,102,105,110,111,9,44,31,33,57,83,110,83,112,54,122,48,66,110,71,47,34,103,104,89,112,100,78,37,27,93,82
Eastern Michigan,52,73,68,44,30,38,85,109,64,106,91,106,102,117,70,74,118,105,10,86,90,88,76,45,12,13,44,82,60,76,77,55,49,56,66,50,53,91,16,79,78,128,6,98,4,122,115,90,99,89,105,78,66,83,75,117,98,24,127,116,2,25,4,10,32,82,3,126,108,111,129,24,6,45,23,60,103,98
Florida,40,28,19,91,44,23,7,5,3,1,7,2,7,73,34,37,35,17,45,40,17,14,44,91,100,60,124,30,9,5,26,15,103,73,70,21,114,62,52,45,48,71,36,46,82,70,75,84,86,15,19,98,62,25,28,77,72,52,43,57,47,73,88,34,51,59,14,65,43,44,104,9,68,49,30,85,5,7
Florida Atlantic,27,12,49,36,74,58,24,15,29,12,69,46,45,95,29,40,23,38,101,45,35,55,31,86,30,49,47,64,18,13,51,19,65,59,31,52,74,13,120,61,80,46,64,118,17,83,121,85,121,116,124,45,93,50,64,122,128,69,30,77,73,76,101,42,27,30,43,115,101,118,61,121,14,24,20,83,75,86
Florida International,101,106,126,32,71,56,117,116,129,127,129,129,79,8,61,66,107,51,7,118,108,127,79,13,80,101,29,109,122,121,121,127,26,77,73,116,18,58,79,126,126,114,101,52,44,119,104,92,91,68,70,9,31,2,3,113,105,46,91,128,8,104,40,100,127,67,123,57,111,110,78,70,74,128,26,84,115,116
Florida State,66,62,82,26,102,63,23,40,14,22,5,6,92,90,16,18,89,98,56,69,97,101,48,62,20,43,43,68,15,20,70,6,67,106,99,92,89,11,120,66,86,36,112,112,63,56,105,36,84,28,50,28,43,123,126,82,82,59,51,53,109,98,80,84,115,73,105,80,31,33,25,44,52,102,33,7,63,68
Fresno State,34,6,22,37,109,114,123,80,70,46,65,52,1,66,106,105,66,55,60,30,38,36,35,101,31,14,49,118,101,94,62,73,12,24,2,8,67,6,130,27,33,14,70,46,112,29,102,44,99,70,99,22,45,63,65,15,22,99,47,30,108,55,84,27,41,8,99,86,30,32,39,25,48,28,49,58,40,49
Georgia,50,38,25,112,95,73,39,19,38,17,115,90,20,93,107,114,13,10,81,13,41,37,65,118,62,19,126,14,76,55,28,117,115,25,44,29,64,105,79,1,1,1,1,7,119,13,14,6,8,5,9,122,130,15,18,11,29,120,1,1,129,1,130,3,1,9,15,59,5,5,5,15,73,1,30,106,1,1
Georgia Southern,80,84,107,23,41,45,55,28,43,22,2,1,109,1,41,38,85,64,34,108,68,102,18,23,99,110,76,8,17,15,87,1,123,122,122,122,120,49,60,109,115,93,120,63,47,97,93,113,105,74,78,52,76,36,48,41,52,102,72,88,42,112,59,117,120,109,103,51,93,96,84,99,76,118,37,90,119,108
Georgia State,109,104,100,110,102,82,95,53,85,58,40,31,109,55,3,3,90,99,50,73,72,91,37,58,124,115,128,23,79,68,97,31,112,108,109,101,115,40,72,112,118,80,113,78,56,65,103,23,67,43,74,22,20,121,121,98,90,42,89,108,64,120,42,105,123,96,84,106,57,70,51,79,25,126,24,6,93,93
Georgia Tech,90,98,96,41,88,53,96,99,78,93,50,64,79,49,121,118,99,110,58,53,71,105,23,78,109,81,96,50,102,103,116,35,80,78,88,48,75,94,23,60,57,72,63,15,67,49,48,33,32,69,60,110,34,63,62,83,25,2,99,46,62,38,32,91,85,57,124,78,29,29,71,11,53,91,30,57,58,68
Hawai'i,96,92,103,56,14,99,80,79,42,64,66,65,26,29,55,60,127,119,2,109,91,89,92,22,107,105,12,112,53,59,64,66,19,113,106,115,57,11,110,73,92,96,71,55,39,68,83,97,102,81,95,9,71,101,101,21,74,128,94,65,44,60,37,96,93,112,76,22,84,89,89,86,110,58,31,22,90,91
Houston,63,59,75,64,85,106,104,69,79,69,89,79,45,111,128,128,82,77,46,57,88,92,64,74,21,28,71,72,88,85,94,57,56,54,41,45,82,97,72,8,8,5,20,63,48,16,38,4,12,57,59,126,119,19,14,12,10,70,29,13,120,17,102,16,10,1,107,111,38,37,11,89,19,10,36,24,65,65
Illinois,95,80,91,75,39,35,49,8,75,24,52,25,12,19,64,52,86,78,40,103,95,94,87,28,90,77,55,51,77,51,69,80,81,102,89,114,36,5,119,113,123,112,52,126,2,111,114,69,95,59,77,5,48,7,8,72,84,80,114,109,18,62,17,111,130,98,70,25,82,88,85,21,105,120,32,55,92,89
Indiana,120,115,97,125,39,88,103,67,120,101,117,103,75,56,41,24,64,25,22,68,100,84,103,63,122,117,127,88,103,100,96,99,41,118,117,93,125,44,79,47,51,76,13,59,109,43,50,73,64,63,56,61,30,55,61,110,112,64,25,32,58,19,106,63,84,97,11,21,50,50,74,40,111,63,25,76,59,59
Iowa,112,109,110,67,74,127,122,85,122,101,86,74,62,66,130,130,72,108,119,113,120,114,111,18,76,86,17,54,117,117,111,83,73,94,92,107,47,52,124,3,3,22,4,65,86,24,33,8,14,1,2,98,112,19,16,26,76,126,18,5,89,2,113,20,4,14,27,30,21,22,33,1,101,4,30,28,15,10
Iowa State,24,45,59,55,6,28,20,78,44,82,36,57,88,94,34,41,61,69,88,58,21,56,26,73,59,73,106,74,31,48,65,48,58,31,46,51,76,117,23,23,19,28,32,120,79,23,19,12,11,14,12,119,100,119,114,24,8,10,70,20,102,13,61,48,18,31,97,103,26,26,42,18,29,31,36,86,12,13
Kansas,119,116,119,62,114,75,93,54,115,77,59,48,79,16,115,88,75,90,97,89,123,119,91,42,82,106,18,35,110,104,112,71,98,100,104,112,13,49,79,130,130,129,81,119,15,128,127,126,128,94,114,5,5,93,96,130,125,3,130,129,3,106,1,127,125,119,60,129,125,128,123,104,4,129,14,35,121,124
Kansas State,56,63,21,101,2,59,37,44,18,29,83,71,69,74,78,78,79,85,76,23,36,8,70,107,103,116,73,31,32,32,8,105,101,67,79,72,44,60,46,104,106,92,74,78,42,32,36,21,22,10,11,22,88,70,68,69,51,37,82,103,46,89,49,98,119,111,33,31,62,62,58,52,96,110,31,34,53,49
Kent State,84,70,45,122,12,52,15,4,21,2,42,16,12,11,90,81,17,44,117,63,56,29,104,68,115,100,121,15,19,8,23,65,116,121,121,105,119,18,72,69,88,101,50,29,70,101,99,86,90,109,109,15,58,101,106,68,91,101,84,73,19,33,47,73,103,76,98,24,78,81,95,80,99,73,29,51,96,103
Kentucky,55,58,30,90,41,13,10,25,20,28,74,59,88,112,14,16,80,67,43,5,57,44,73,126,33,18,83,36,34,33,24,88,96,63,71,35,71,57,60,15,16,66,7,78,86,38,48,34,39,22,23,61,84,95,94,76,79,61,44,40,53,14,87,4,57,49,5,39,9,10,44,2,89,47,33,30,45,23
Liberty,9,10,28,29,12,27,42,32,58,37,46,41,20,121,88,102,58,80,109,29,15,28,34,102,16,38,14,27,35,30,38,45,100,8,12,23,23,71,52,37,37,51,37,25,12,90,92,55,67,54,60,110,61,26,23,46,40,60,52,42,83,36,79,38,25,45,42,87,63,69,73,54,42,25,36,60,26,31
Louisiana,45,53,34,77,119,64,34,75,41,72,101,105,105,80,40,55,63,71,84,7,39,45,59,124,48,29,84,71,42,57,48,61,57,52,55,22,95,95,16,107,96,69,125,32,9,115,97,88,82,97,96,52,96,93,92,53,69,100,21,69,78,115,110,119,91,114,88,95,106,99,64,114,39,104,27,96,71,49
Louisiana Monroe,130,130,130,43,1,126,129,129,130,130,114,123,130,66,88,77,129,130,52,129,130,130,81,2,120,124,66,26,127,127,130,23,104,120,120,127,68,126,7,123,91,125,60,129,1,130,20,122,35,86,33,98,14,53,41,10,18,114,117,118,11,45,14,120,83,117,96,23,120,92,105,113,108,109,21,1,129,126
Louisiana Tech,69,60,87,10,109,108,112,72,116,91,81,66,18,62,82,83,37,30,72,42,70,113,5,88,66,30,98,87,112,112,119,41,43,33,14,32,37,1,116,89,119,123,10,111,11,120,111,98,101,46,50,9,21,63,77,129,126,8,102,102,9,10,29,71,108,113,17,4,115,114,121,61,128,55,20,75,101,98
Louisville,39,27,55,59,60,44,30,24,60,35,108,84,79,124,33,34,19,24,86,26,23,63,22,105,72,57,110,55,33,25,80,32,72,55,42,31,93,30,110,106,112,74,106,76,45,118,107,123,116,98,104,45,26,55,63,103,100,58,64,107,40,114,67,81,48,43,106,46,127,124,115,124,86,37,30,104,59,54
LSU,91,86,90,33,111,119,125,119,119,117,122,124,92,120,87,100,68,33,28,115,98,112,29,16,73,34,105,124,129,130,124,115,7,62,30,56,56,19,90,48,58,58,75,74,121,30,56,64,70,78,87,61,78,26,22,65,38,15,22,22,75,15,109,86,96,68,125,18,19,19,55,4,113,64,44,89,45,24
Marshall,32,42,14,103,33,17,50,101,39,86,10,37,33,57,113,117,91,71,21,32,28,12,107,99,50,37,39,103,23,49,14,104,31,40,39,19,102,45,60,71,83,84,55,106,22,104,120,103,117,107,115,52,60,77,81,34,21,31,87,70,60,68,44,78,33,100,37,112,100,113,97,106,22,36,43,80,50,63
Maryland,38,29,10,109,108,72,28,57,37,50,80,77,7,84,77,76,55,61,91,3,25,6,93,128,63,84,32,101,61,62,22,109,28,38,15,10,109,42,110,28,30,29,62,59,91,44,58,59,63,29,31,9,114,118,116,31,39,98,16,23,92,37,115,41,23,35,81,36,44,45,49,30,104,17,36,41,21,46
Memphis,17,19,54,8,28,46,56,49,73,63,31,33,33,79,61,63,24,15,56,83,44,57,27,48,11,46,10,61,39,38,45,42,68,18,13,71,10,2,110,93,117,89,47,39,14,92,91,31,48,53,58,15,51,60,41,127,130,74,111,75,61,34,20,114,129,106,85,5,51,56,60,20,125,100,25,101,69,85
Miami,99,102,88,83,73,128,124,118,72,105,63,82,92,20,22,20,114,111,18,107,117,93,118,24,45,66,27,113,111,111,102,52,17,92,82,79,98,75,32,98,94,95,98,73,114,42,42,110,89,93,90,67,6,30,31,35,31,56,74,80,28,77,57,107,106,88,119,49,67,67,101,93,84,94,37,45,25,45
Miami (OH),124,124,128,9,14,78,86,121,111,124,118,126,125,9,10,10,121,113,9,127,102,123,3,4,126,125,100,67,104,109,126,26,61,119,119,123,24,129,1,116,70,97,96,104,68,78,44,104,71,128,119,122,3,106,108,2,1,127,120,121,26,105,11,72,28,72,109,130,117,102,79,125,1,96,38,99,91,97
Michigan,18,22,56,11,54,49,70,12,71,21,24,10,33,64,123,126,1,1,109,19,9,64,6,112,60,58,61,4,30,18,52,25,127,9,47,87,2,61,60,31,29,45,18,19,57,46,67,14,28,26,28,98,122,12,12,60,89,108,80,43,67,29,51,19,39,12,44,68,27,27,46,13,65,34,27,127,8,10
Michigan State,10,17,12,39,127,54,17,33,9,16,23,23,18,86,113,110,20,27,94,6,11,18,32,125,24,16,38,49,16,21,5,44,83,23,29,43,33,4,103,74,101,87,51,91,41,69,77,18,35,27,28,15,97,1,2,79,93,82,78,76,27,41,53,69,112,53,79,6,59,64,81,26,126,66,34,109,24,34
Middle Tennessee,115,120,120,20,117,59,63,122,101,125,67,109,126,123,104,101,130,129,11,114,61,82,9,17,129,129,58,89,123,120,123,40,48,72,95,100,41,116,10,86,67,108,27,50,5,125,41,106,41,117,86,67,77,87,97,13,14,75,85,71,35,12,46,108,104,122,61,32,66,55,98,6,87,115,29,10,98,105
Minnesota,89,85,95,86,70,57,74,18,108,45,73,43,45,82,109,111,28,46,107,56,92,98,96,75,68,93,33,5,93,78,93,95,126,57,86,97,8,81,46,42,41,39,54,99,61,34,17,11,7,39,24,110,67,15,24,33,59,117,24,90,50,85,107,5,42,4,31,8,46,41,32,49,124,32,26,52,38,59
Mississippi State,68,52,13,128,44,88,65,125,66,120,95,121,20,65,82,80,12,9,71,35,80,21,129,95,42,7,112,130,119,119,11,130,1,69,10,15,123,79,90,44,46,18,114,85,123,14,12,50,20,91,70,84,72,108,111,48,56,95,15,50,116,127,116,39,101,54,30,9,13,14,21,51,119,84,28,123,30,31
Missouri,20,18,31,25,11,93,94,94,52,75,26,45,52,107,24,27,25,20,67,81,29,22,38,50,27,40,30,120,66,72,37,69,13,20,7,25,42,19,52,125,128,126,94,57,23,126,130,121,129,129,130,9,7,5,5,115,101,40,128,125,10,97,3,116,99,115,113,124,128,130,127,109,5,98,29,95,67,75
Navy,117,117,115,127,26,29,57,13,91,38,113,80,116,23,11,11,76,115,128,60,86,100,109,71,127,128,125,3,54,34,92,46,128,130,129,130,129,111,16,81,68,90,43,108,89,28,34,79,67,19,20,52,24,129,129,109,94,33,105,98,43,64,26,64,54,88,39,116,76,77,82,90,18,87,17,12,107,102
NC State,65,46,67,74,46,1,19,35,50,50,38,40,20,78,72,81,11,13,93,37,27,50,40,94,118,114,102,98,41,40,68,43,36,80,48,53,101,65,110,29,28,11,82,52,95,59,24,41,24,20,15,98,92,15,26,94,102,88,7,16,122,44,124,51,80,46,54,10,10,11,13,7,116,62,24,116,38,34
Nebraska,11,1,39,34,53,11,21,2,57,4,29,5,2,58,96,107,30,70,124,46,10,38,28,85,29,47,50,25,10,1,47,14,105,32,19,28,62,8,126,57,76,77,31,30,49,57,94,24,60,37,53,37,121,75,70,64,63,62,62,37,59,23,69,90,105,84,63,47,41,43,88,14,78,77,40,63,22,39
Nevada,31,50,62,19,37,59,72,126,106,127,41,98,62,44,126,123,29,19,52,55,22,61,11,76,57,70,65,127,50,86,75,22,4,44,26,55,59,96,12,99,87,119,22,128,3,102,71,100,75,87,81,95,47,36,32,95,75,27,107,104,15,39,24,80,66,116,19,60,99,95,125,23,67,76,23,108,76,54
New Mexico,122,123,117,97,114,70,66,103,54,97,130,130,109,7,12,13,60,92,116,87,118,109,98,44,110,123,59,80,118,118,81,118,47,115,114,126,55,105,37,83,73,55,104,69,88,74,67,26,35,79,84,67,58,112,114,123,123,47,45,78,66,86,86,82,59,32,127,108,85,85,92,64,23,85,28,14,118,120
New Mexico State,107,87,89,105,102,97,102,68,81,69,112,99,26,29,34,29,103,60,12,111,104,77,116,20,93,85,78,123,96,93,98,107,8,101,62,78,113,9,129,117,122,102,109,32,19,99,124,119,127,108,120,1,80,107,105,74,61,45,116,110,39,117,15,115,126,102,100,96,88,107,109,68,31,125,#N/A,#N/A,128,129
North Carolina,15,11,38,3,51,34,22,42,17,30,14,17,52,100,48,30,97,114,80,52,49,53,19,79,5,9,2,84,11,19,18,18,45,34,21,58,6,36,103,55,64,67,40,112,84,27,80,32,65,105,112,22,88,104,90,91,54,12,75,92,34,94,56,17,88,17,10,91,34,36,68,17,43,82,30,11,9,15
Northern Illinois,58,72,41,107,43,4,25,37,56,50,22,21,92,96,50,42,21,14,48,62,42,19,97,69,98,113,63,11,36,37,43,74,122,51,84,47,91,108,23,122,109,120,88,112,7,106,84,115,94,90,90,78,9,119,120,71,64,53,112,123,22,118,19,103,69,125,16,104,121,117,122,110,28,92,22,120,100,109
North Texas,116,112,114,94,59,19,35,43,67,62,72,58,69,6,61,61,5,5,98,106,124,117,119,25,78,87,45,58,82,75,95,84,76,117,116,118,88,111,43,88,75,33,130,18,59,55,52,49,47,111,103,52,117,108,107,85,36,5,113,36,118,109,18,129,98,87,130,114,58,60,27,126,15,123,27,91,114,113
Northwestern,73,68,74,88,48,8,32,34,36,31,33,29,52,40,94,89,84,93,62,78,58,51,90,53,102,109,41,57,22,23,27,67,77,103,97,110,69,23,90,115,120,107,87,32,28,114,119,117,120,127,128,37,23,33,44,125,118,18,92,115,23,88,39,102,68,99,73,82,126,126,103,127,49,61,21,32,86,92
Notre Dame,105,97,112,13,119,130,126,114,121,112,84,89,69,38,93,94,119,117,17,123,107,120,21,8,87,69,74,117,126,126,127,100,14,83,53,84,28,26,127,21,25,17,28,3,124,21,28,37,43,103,97,33,103,81,91,47,73,113,28,7,119,5,103,76,21,66,83,14,36,35,16,107,120,15,31,5,19,16
Ohio,81,96,51,119,88,24,2,58,1,32,1,15,119,77,22,33,110,125,99,70,59,33,95,61,111,99,119,56,4,22,12,29,75,128,125,113,127,82,12,111,107,111,42,69,13,123,116,124,121,101,108,67,39,77,85,20,7,7,124,113,20,75,7,104,55,88,36,117,119,121,113,77,17,74,21,93,109,113
Ohio State,3,3,3,14,33,14,4,30,10,24,6,12,33,114,20,23,3,2,111,4,3,1,8,127,15,24,40,70,6,11,6,28,60,11,9,4,29,14,100,26,32,56,26,27,77,25,69,53,80,85,100,52,64,9,10,85,124,121,36,25,100,53,95,32,50,105,7,44,18,17,26,45,93,35,26,126,2,3
Oklahoma,47,37,11,102,63,121,97,87,27,49,39,51,5,116,127,127,46,36,64,38,60,25,102,93,25,4,94,96,65,66,21,98,34,53,34,11,106,58,35,49,49,16,105,32,118,7,13,46,32,4,5,84,46,53,52,54,16,4,10,64,104,113,121,31,73,33,55,11,33,30,16,103,122,53,40,81,7,5
Oklahoma State,74,65,84,57,74,81,111,39,109,54,94,62,52,52,52,48,88,101,77,112,67,75,61,19,86,82,68,21,99,88,100,87,110,37,45,68,22,53,103,30,31,30,67,12,50,37,45,7,13,55,48,67,120,44,59,43,26,34,56,59,106,92,73,9,26,47,25,29,49,49,35,74,107,21,38,20,35,34
Old Dominion,100,101,65,116,92,49,53,63,40,58,18,27,79,87,107,106,128,121,1,85,110,74,114,46,69,23,113,60,48,54,31,64,74,99,103,99,92,110,12,63,55,38,66,69,46,51,61,9,15,44,40,108,2,74,79,19,12,29,37,96,78,101,93,29,82,22,24,122,39,39,19,6.20E+01,8,119,#N/A,#N/A,117,123
Ole Miss,2,5,17,2,57,67,8,27,2,9,55,53,45,119,81,87,10,28,121,22,2,11,1,109,17,54,34,43,1,3,9,4,87,16,27,42,12,88,16,64,63,94,23,15,69,82,71,81,74,34,34,67,28,47,51,87,58,16,71,93,33,42,60,33,36,101,12,85,91,90,111,50,47,42,28,113,16,12
Oregon,59,48,44,89,99,33,33,20,80,39,43,28,26,110,116,119,42,16,38,21,47,43,66,110,89,93,77,34,45,35,42,76,95,71,68,67,61,10,90,56,74,83,25,62,85,62,90,25,56,33,46,37,90,5,4,102,92,39,63,60,52,21,68,59,90,88,40,43,48,52,50,29,94,60,28,118,31,19
Oregon State,14,15,6,99,8,7,9,7,12,6,57,42,33,128,119,121,7,3,54,10,12,9,75,121,32,19,93,24,14,10,2,86,111,22,40,33,66,25,52,51,59,62,73,108,52,75,53,61,50,21,17,52,55,59,66,27,68,122,39,47,81,40,92,55,56,83,75,7,79,76,99,36,123,39,34,122,57,41
Penn State,60,55,42,50,123,124,115,81,94,78,92,85,62,83,50,56,41,81,127,72,93,57,83,59,18,22,25,77,116,114,89,97,52,26,18,12,50,21,103,10,11,37,12,68,100,50,73,63,77,13,18,78,125,10,10,90,104,93,41,12,86,11,90,35,6,38,23,37,42,42,40,47,103,6,27,40,6,4
Pittsburgh,4,4,7,31,100,91,68,60,61,65,99,96,7,130,94,94,45,58,103,18,5,3,36,113,9,38,8,73,47,45,40,78,58,4,3,2,32,87,118,17,17,13,89,1,93,6,7,10,9,96,83,67,87,47,38,18,17,63,50,27,111,99,81,14,35,10,68,41,11,12,8,97,91,33,40,94,13,24
Purdue,87,71,63,108,62,65,89,97,125,119,116,113,52,43,13,25,81,48,23,50,81,66,113,81,77,63,46,125,120,122,86,128,6,64,22,44,103,68,72,24,24,4,118,46,74,47,70,19,41,25,31,98,101,63,69,66,85,97,11,24,126,124,120,28,31,14,57,81,32,31,15,76,51,27,27,66,53,61
Rice,82,94,61,118,38,25,67,75,102,97,68,69,114,21,46,46,100,84,27,59,69,39,106,72,94,120,92,32,89,91,85,111,106,30,63,16,96,102,37,91,82,78,103,91,24,94,47,87,51,64,39,67,79,113,110,51,70,104,79,45,85,82,52,126,97,124,90,48,107,91,91,102,70,99,25,50,122,113
Rutgers,83,74,43,126,72,9,45,23,99,61,125,111,33,60,118,113,48,62,105,8,48,41,80,123,123,108,129,45,63,44,39,106,85,97,91,62,122,76,90,43,45,21,76,65,72,60,74,57,65,88,94,84,49,39,50,40,35,67,48,34,110,51,83,58,43,34,86,89,52,57,36,75,40,46,31,45,62,78
San Diego State,79,90,99,38,83,111,75,55,34,33,12,13,92,27,72,65,67,75,90,100,82,78,55,31,75,118,16,6,29,28,71,7,125,114,118,124,86,93,60,2,2,8,3,2,130,2,2,43,4,17,8,130,52,3,1,9,20,118,5,2,114,3,126,7,13,6,18,1,2,2,3,12,130,13,35,53,61,73
San Jose State,110,118,109,68,129,116,92,128,69,123,49,110,126,98,90,89,126,126,5,95,103,115,57,36,104,96,99,110,107,110,101,81,18,107,112,109,81,123,7,62,44,86,24,85,54,85,7,28,5,11,7,122,32,91,89,1,6,130,73,66,17,18,58,62,38,24,102,26,68,53,110,3,109,50,34,47,83,93
SMU,5,2,9,16,8,39,14,13,28,18,47,38,3,105,96,92,4,4,104,35,19,26,49,95,4,3,7,66,57,41,36,108,69,1,1,3,9,40,110,85,97,61,116,22,24,84,75,45,51,75,72,37,72,38,35,124,117,22,40,55,98,95,91,112,116,106,91,27,70,73,37,84,95,101,23,117,55,39
South Alabama,54,83,60,51,112,103,73,113,83,110,102,116,119,14,18,19,111,123,87,74,111,87,117,57,3,10,9,62,64,81,54,79,70,58,83,76,26,128,3,13,10,6,128,7,129,1,1,2,2,9,4,98,129,115,109,14,23,103,12,19,127,121,119,24,52,41,111,12,1,1,2,55,115,80,21,36,105,93
South Carolina,111,107,106,70,88,95,109,85,97,85,98,97,75,13,85,86,96,107,61,104,101,106,74,27,108,98,67,59,121,123,109,125,71,81,75,96,20,79,79,12,15,64,2,121,34,95,88,91,86,47,47,84,126,84,78,52,81,115,95,21,94,8,36,25,2,110,2,77,69,74,62,39,57,2,22,19,73,78
Southern Mississippi,106,100,125,15,67,113,118,91,90,78,78,71,92,5,69,70,116,116,29,130,125,124,68,1,53,88,23,79,113,113,120,38,62,76,61,108,30,71,79,95,93,51,119,124,99,20,30,34,39,112,107,45,93,55,55,67,45,23,27,44,104,71,104,121,122,95,121,55,17,18,20,16,80,124,35,2,103,109
South Florida,94,89,77,115,118,90,90,46,74,41,100,78,26,24,66,62,70,87,100,80,83,65,101,51,106,92,115,33,70,53,56,89,102,98,102,94,108,36,90,124,124,122,97,108,43,109,109,127,124,122,122,7,42,81,87,126,127,50,103,127,6,107,28,95,118,88,92,70,123,122,100,123,61,111,18,26,115,118
Stanford,46,54,91,5,125,104,99,106,105,109,8,36,52,40,85,84,54,50,70,97,50,96,7,34,46,75,28,105,86,90,113,8,22,45,35,69,34,17,127,78,98,118,9,55,20,124,126,107,123,102,117,15,68,42,40,120,129,86,118,91,7,9,13,70,12,50,45,100,122,127,128,57,33,12,21,73,85,63
Syracuse,61,79,85,40,83,94,108,88,35,47,21,30,88,66,104,99,62,57,74,88,106,82,120,43,8,79,1,13,75,73,84,20,118,43,78,89,46,109,43,40,35,60,19,45,53,64,31,38,24,76,53,95,33,116,116,8,2,20,119,51,84,56,12,37,14,44,8,76,81,75,70,67,56,16,43,88,64,82
TCU,13,61,48,7,20,16,18,98,22,88,19,56,119,66,29,21,53,53,78,101,24,72,16,30,19,5,48,38,13,39,53,10,90,35,80,54,17,124,3,110,77,98,122,69,24,127,82,129,105,84,69,98,22,44,41,119,107,19,122,94,72,119,9,124,62,129,94,127,110,97,118,95,2,121,16,112,48,29
Temple,88,82,93,82,63,51,84,72,98,88,90,86,75,33,64,59,26,66,126,64,94,104,86,67,65,72,56,83,84,79,99,63,50,87,77,91,85,33,79,72,85,73,53,100,29,86,117,58,108,30,67,33,13,111,102,88,62,21,101,89,49,69,30,52,44,39,72,123,89,106,102,48,9,48,33,70,98,112
Tennessee,42,26,27,84,94,18,27,6,33,5,34,14,12,108,78,94,8,23,115,14,43,24,77,117,39,61,21,19,25,16,16,75,109,60,56,75,39,26,103,46,50,48,58,28,102,31,53,29,45,39,40,33,70,50,58,29,44,106,31,26,82,35,100,68,72,48,74,28,45,46,30,56,97,52,42,111,19,49
Texas,21,34,29,48,85,36,16,26,65,50,77,61,45,118,99,98,39,40,79,33,32,32,63,98,22,27,13,9,38,36,25,92,121,12,49,41,5,104,23,118,103,110,61,105,73,79,60,93,75,98,93,61,35,98,82,75,43,9,123,117,38,100,8,97,95,121,22,88,109,98,80,115,46,105,27,103,26,8
Texas A&M,92,91,73,80,95,117,76,81,30,57,11,19,52,32,56,63,106,91,25,91,105,86,71,40,58,24,104,94,55,61,57,24,37,109,107,86,111,34,103,5,5,24,11,22,116,41,78,94,102,41,56,84,127,47,39,93,103,89,67,17,103,31,64,8,8,25,6,61,14,13,53,19,72,8,37,23,16,21
Texas State,57,69,40,114,21,3,12,65,51,83,124,120,114,99,8,9,104,112,55,96,64,23,121,35,51,67,53,86,58,70,17,122,54,66,64,74,80,88,31,120,110,116,85,126,21,108,86,105,86,73,65,28,17,127,127,80,78,55,66,101,37,58,65,122,109,128,67,73,113,103,114,83,58,112,17,13,124,118
Texas Tech,16,35,18,47,7,74,88,111,107,116,61,88,102,115,66,54,77,74,59,23,8,20,20,107,47,40,101,93,68,82,61,70,35,13,20,5,72,103,23,96,84,99,45,32,38,88,55,60,46,51,35,84,11,31,34,39,88,124,109,105,24,65,22,65,67,70,58,63,90,83,118,33,69,79,28,71,50,57
Toledo,70,81,123,4,119,86,78,92,63,83,17,35,33,36,56,72,113,118,41,117,75,121,4,14,74,111,37,69,40,52,114,2,63,91,90,119,25,83,103,4,4,26,8,9,107,22,26,39,43,32,28,78,124,80,84,4,11,123,42,18,113,26,89,6,40,52,4,67,8,7,12,59,59,43,37,31,77,57
Troy,108,103,79,121,98,80,114,105,85,100,56,73,33,12,99,85,95,76,24,61,115,97,125,70,52,33,87,115,109,107,82,113,16,93,81,70,116,83,46,19,20,12,57,125,105,12,22,42,49,36,36,84,113,70,72,5,4,72,13,31,107,83,118,12,34,13,20,84,23,23,14,78,41,41,47,56,87,73
Tulane,67,67,81,12,74,110,110,102,48,74,76,81,79,113,52,43,56,31,37,116,76,73,17,15,56,59,60,104,44,58,91,11,23,88,74,64,52,48,60,94,100,100,91,41,113,76,101,116,119,119,121,4,99,117,118,70,55,43,97,97,32,90,34,83,75,103,78,98,97,108,69,118,37,75,37,42,88,71
Tulsa,114,119,113,87,130,102,130,130,128,129,110,125,124,10,2,2,125,124,3,119,129,122,126,12,40,56,42,119,130,128,128,85,11,90,94,82,110,127,6,80,52,88,92,76,98,58,16,77,24,120,92,119,15,122,122,6,5,86,46,74,57,80,85,89,46,108,62,105,71,59,52,96,27,88,35,32,74,78
UAB,75,77,78,73,85,79,71,41,77,43,82,60,79,28,24,26,49,68,106,77,62,81,56,54,96,44,107,17,106,99,88,101,114,36,52,46,27,53,79,35,39,23,93,15,78,17,45,48,60,35,37,61,95,84,80,99,121,111,17,38,101,110,114,36,79,36,32,58,12,8,23,35,75,68,20,38,68,65
UCF,28,36,4,117,4,5,3,36,6,24,37,48,69,125,112,103,16,12,73,17,53,7,123,114,10,11,26,63,5,14,1,53,66,89,87,26,124,91,23,70,66,59,86,74,104,26,39,54,53,18,21,110,4,19,24,100,109,77,69,61,90,79,62,93,71,78,66,83,55,58,45,82,50,81,19,105,44,31
UCLA,23,24,50,27,102,71,44,17,25,10,30,18,7,45,76,58,33,37,85,51,34,52,39,80,26,52,20,16,37,26,49,51,113,17,28,59,11,36,120,103,108,82,107,14,106,10,11,66,38,82,63,28,102,104,99,63,67,71,65,95,63,108,66,99,121,104,89,2,53,51,75,73,129,97,29,102,32,21
UMass,123,122,104,111,126,109,121,117,104,113,107,115,126,66,9,8,117,100,8,79,109,103,84,52,119,107,117,100,115,115,106,102,29,116,115,103,107,76,37,129,125,127,108,41,92,89,106,111,115,113,116,2,10,99,113,105,99,57,125,124,12,102,6,130,124,127,128,125,116,119,124,101,7,130,20,37,127,129
UNLV,93,110,124,17,14,69,98,127,93,126,75,114,129,48,6,6,124,127,14,102,73,116,15,29,114,122,62,99,81,101,102,62,30,104,111,125,19,122,3,101,65,117,33,22,76,67,15,83,28,56,24,67,29,128,128,128,120,6,115,114,13,74,16,57,77,86,21,74,64,54,66,63,60,108,16,3,120,122
USC,43,51,8,120,47,96,64,112,32,94,87,108,92,126,18,17,92,65,19,44,31,13,88,87,71,7,123,121,46,74,10,114,10,49,36,9,118,115,23,77,62,105,38,91,61,54,39,75,56,80,75,84,18,110,119,106,95,40,108,100,16,46,23,50,94,61,65,113,35,34,77,22,20,122,19,79,34,19
Utah,97,108,80,100,102,100,38,108,13,86,9,47,79,49,117,109,112,102,16,65,63,42,67,66,121,127,85,108,71,87,76,30,24,112,110,77,121,101,32,32,27,44,41,4,126,52,42,76,58,58,40,98,85,41,37,28,28,73,26,35,69,54,105,26,16,27,34,75,47,47,54,92,54,18,34,18,22,29
Utah State,44,25,108,1,18,105,106,59,59,42,45,39,69,35,1,1,52,21,30,126,85,118,13,5,14,55,4,90,78,69,117,9,42,29,8,80,7,36,72,108,114,109,99,5,110,71,89,101,110,126,125,15,63,113,112,91,77,38,106,82,30,87,25,123,117,120,116,72,105,109,107,117,55,117,39,77,102,103
UTEP,85,88,121,24,122,120,120,90,123,107,96,91,45,42,46,49,74,73,63,99,77,126,24,32,91,78,81,18,125,125,129,93,117,5,24,61,3,83,52,20,21,19,80,20,101,35,24,27,22,8,10,45,57,70,71,58,66,84,23,28,76,66,108,18,20,5,118,50,28,28,43,46,83,22,31,48,112,116
UTSA,53,33,70,71,101,20,47,11,117,67,127,117,6,63,82,92,14,32,118,11,51,89,45,120,44,21,109,41,90,77,104,77,92,14,11,16,73,74,90,25,23,25,79,12,65,39,34,15,15,3,5,98,81,68,57,32,19,36,14,81,74,123,117,1,78,11,9,42,15,15,24,37,85,70,35,100,78,75
Vanderbilt,103,105,127,54,74,118,116,104,110,108,97,104,109,39,3,4,94,52,13,124,119,128,108,7,61,104,35,81,108,106,125,49,46,95,96,120,78,76,50,114,111,113,90,11,66,117,97,128,114,115,110,8,35,126,125,78,106,112,93,111,14,78,38,110,102,88,112,69,112,105,117,91,64,93,23,97,125,125
Virginia,22,13,33,18,21,43,52,84,23,66,28,50,3,76,17,14,65,59,69,84,65,48,51,47,6,6,24,126,49,63,66,34,5,27,5,14,65,42,79,100,105,81,78,90,16,100,113,71,97,114,118,37,37,23,27,116,108,51,86,99,48,49,45,92,111,74,115,93,95,100,83,60,35,107,25,62,47,41
Virginia Tech,98,111,72,96,23,129,119,120,85,115,105,118,119,17,99,94,102,120,112,122,122,68,124,9,43,45,51,47,114,116,59,121,86,75,100,80,40,130,2,54,34,15,124,21,96,103,9,125,31,121,65,129,105,8,9,3,3,119,6,10,121,48,125,113,9,63,129,56,118,82,58,128,77,9,28,48,33,24
Wake Forest,41,39,46,69,54,68,51,51,96,73,104,93,62,103,124,124,43,18,39,34,54,70,58,97,23,12,95,37,72,65,72,94,93,19,33,20,43,97,23,84,79,106,83,85,18,112,62,120,83,92,72,84,104,18,20,25,32,82,81,84,40,91,50,85,86,118,41,33,75,68,75,53,102,86,37,110,52,34
Washington,76,75,64,98,82,6,41,70,92,94,109,106,75,53,28,34,71,41,32,48,55,54,82,83,112,97,80,114,51,60,58,96,20,84,60,57,105,45,90,50,56,43,30,112,29,113,118,95,112,61,82,67,72,101,104,97,96,65,56,29,97,22,73,74,24,64,52,97,83,93,94,32,32,23,25,67,49,46
Washington State,104,99,76,104,128,125,83,93,19,58,51,63,52,46,96,104,101,95,33,75,112,80,110,56,54,36,90,111,94,98,77,68,21,96,85,66,112,56,60,65,71,91,39,91,80,87,59,99,77,31,26,28,56,95,85,30,37,96,77,85,21,43,54,44,74,65,56,16,74,72,96,38,118,57,30,17,82,68
Western Kentucky,7,21,2,61,30,55,48,122,62,121,126,128,62,101,37,39,32,6,20,12,40,10,94,119,2,2,5,129,100,108,4,129,2,10,4,6,60,68,11,105,104,121,29,106,10,107,112,72,93,42,62,45,12,86,88,121,119,32,121,79,31,24,10,125,61,130,53,102,114,116,126,43,30,71,20,125,78,82
Western Michigan,64,47,52,93,91,12,36,16,100,56,119,93,26,22,102,108,44,34,65,28,74,46,105,103,36,103,6,42,69,46,44,119,88,65,54,73,38,107,52,82,72,54,102,65,75,66,32,108,71,118,106,110,106,55,45,16,15,49,76,119,36,128,55,11,47,3,38,64,102,94,86,116,66,54,34,107,69,61
West Virginia,62,56,58,45,63,62,105,83,95,88,111,102,33,89,102,112,36,43,95,92,84,67,85,39,28,32,19,91,74,71,55,59,39,68,50,60,51,51,52,38,42,50,34,40,127,11,22,13,19,24,27,52,118,76,73,56,27,13,35,11,87,7,96,101,64,62,104,45,22,21,28,10,92,51,44,63,40,46
Wisconsin,129,129,53,130,80,48,82,70,114,94,79,75,92,2,66,68,59,45,47,16,113,49,130,115,130,89,130,46,97,97,50,120,84,129,130,63,130,120,35,16,14,3,95,32,111,3,4,1,1,2,1,119,69,87,92,37,41,78,2,6,128,47,129,47,37,20,71,19,4,4,4,8,112,44,27,54,10,34
Wyoming,36,49,26,95,33,21,29,45,76,68,123,112,105,106,125,122,18,8,42,20,26,15,72,111,55,95,64,12,28,31,20,90,119,47,76,49,48,99,37,22,22,57,14,112,35,98,51,96,55,104,84,33,110,130,130,107,115,85,56,9,91,4,73,79,3,78,64,35,98,84,87,85,88,3,21,115,72,71